{
    "TV": 1000000.0,
    "BV/TV": 0.346897,
    "porosity": 0.653103,
    "pore_size": 18.608513548166506,
    "pBV/TV": 0.331073,
    "pTb.Th": 9.659032559225114,
    "pTb.N": 0.034276,
    "pBV/BV": 0.9543841543743532,
    "rBV/TV": 0.015824,
    "rTb.Th": 19.274056029232643,
    "rTb.N": 0.0008210000000000001,
    "rBV/BV": 0.04561584562564681,
    "range": {
        "z": [
            735,
            835
        ],
        "y": [
            1010,
            1110
        ],
        "x": [
            395,
            495
        ]
    }
}