{
    "TV": 1000000.0,
    "BV/TV": 0.274807,
    "porosity": 0.725193,
    "pore_size": 27.674896962295826,
    "pBV/TV": 0.258051,
    "pTb.Th": 10.122425763935198,
    "pTb.N": 0.025493,
    "pBV/BV": 0.9390262984567351,
    "rBV/TV": 0.016756,
    "rTb.Th": 23.566807313642755,
    "rTb.N": 0.000711,
    "rBV/BV": 0.06097370154326491,
    "range": {
        "z": [
            579,
            679
        ],
        "y": [
            711,
            811
        ],
        "x": [
            363,
            463
        ]
    }
}