{
    "TV": 1000000.0,
    "BV/TV": 0.147149,
    "porosity": 0.852851,
    "pore_size": 49.18402537485582,
    "pBV/TV": 0.139584,
    "pTb.Th": 8.337853174840212,
    "pTb.N": 0.016741000000000002,
    "pBV/BV": 0.9485895249033293,
    "rBV/TV": 0.007565,
    "rTb.Th": 12.629382303839733,
    "rTb.N": 0.0005989999999999999,
    "rBV/BV": 0.051410475096670724,
    "range": {
        "z": [
            206,
            306
        ],
        "y": [
            1096,
            1196
        ],
        "x": [
            917,
            1017
        ]
    }
}