{
    "TV": 1000000.0,
    "BV/TV": 0.15112,
    "porosity": 0.84888,
    "pore_size": 46.60334888827889,
    "pBV/TV": 0.137598,
    "pTb.Th": 8.033981432825364,
    "pTb.N": 0.017127,
    "pBV/BV": 0.9105214399152991,
    "rBV/TV": 0.013522,
    "rTb.Th": 12.428308823529411,
    "rTb.N": 0.001088,
    "rBV/BV": 0.0894785600847009,
    "range": {
        "z": [
            286,
            386
        ],
        "y": [
            1062,
            1162
        ],
        "x": [
            1057,
            1157
        ]
    }
}