{
    "TV": 1000000.0,
    "BV/TV": 0.262339,
    "porosity": 0.737661,
    "pore_size": 27.5585982739941,
    "pBV/TV": 0.250028,
    "pTb.Th": 9.579616858237548,
    "pTb.N": 0.026099999999999995,
    "pBV/BV": 0.9530721699785392,
    "rBV/TV": 0.012311,
    "rTb.Th": 18.45727136431784,
    "rTb.N": 0.0006670000000000001,
    "rBV/BV": 0.04692783002146078,
    "range": {
        "z": [
            659,
            759
        ],
        "y": [
            823,
            923
        ],
        "x": [
            412,
            512
        ]
    }
}