{
    "TV": 1000000.0,
    "BV/TV": 0.2941,
    "porosity": 0.7059,
    "pore_size": 23.411382329530387,
    "pBV/TV": 0.282032,
    "pTb.Th": 9.554900565775654,
    "pTb.N": 0.029517,
    "pBV/BV": 0.9589663379802789,
    "rBV/TV": 0.012068,
    "rTb.Th": 19.00472440944882,
    "rTb.N": 0.000635,
    "rBV/BV": 0.04103366201972118,
    "range": {
        "z": [
            667,
            767
        ],
        "y": [
            732,
            832
        ],
        "x": [
            1076,
            1176
        ]
    }
}