{
    "TV": 1000000.0,
    "BV/TV": 0.205059,
    "porosity": 0.794941,
    "pore_size": 38.857219669566916,
    "pBV/TV": 0.192294,
    "pTb.Th": 9.655252058646315,
    "pTb.N": 0.019915999999999996,
    "pBV/BV": 0.9377496232791538,
    "rBV/TV": 0.012765,
    "rTb.Th": 23.551660516605168,
    "rTb.N": 0.000542,
    "rBV/BV": 0.0622503767208462,
    "range": {
        "z": [
            418,
            518
        ],
        "y": [
            657,
            757
        ],
        "x": [
            440,
            540
        ]
    }
}