{
    "TV": 1000000.0,
    "BV/TV": 0.228261,
    "porosity": 0.771739,
    "pore_size": 33.33357809260539,
    "pBV/TV": 0.218516,
    "pTb.Th": 9.66671090466711,
    "pTb.N": 0.022604999999999997,
    "pBV/BV": 0.9573076434432514,
    "rBV/TV": 0.009745,
    "rTb.Th": 17.815356489945156,
    "rTb.N": 0.000547,
    "rBV/BV": 0.042692356556748634,
    "range": {
        "z": [
            609,
            709
        ],
        "y": [
            777,
            877
        ],
        "x": [
            904,
            1004
        ]
    }
}