{
    "TV": 1000000.0,
    "BV/TV": 0.28175,
    "porosity": 0.71825,
    "pore_size": 23.758724488108232,
    "pBV/TV": 0.268329,
    "pTb.Th": 9.083274093632578,
    "pTb.N": 0.029540999999999998,
    "pBV/BV": 0.9523655723158829,
    "rBV/TV": 0.013421,
    "rTb.Th": 19.45072463768116,
    "rTb.N": 0.0006900000000000001,
    "rBV/BV": 0.047634427684117124,
    "range": {
        "z": [
            926,
            1026
        ],
        "y": [
            961,
            1061
        ],
        "x": [
            756,
            856
        ]
    }
}