{
    "TV": 1000000.0,
    "BV/TV": 0.347734,
    "porosity": 0.652266,
    "pore_size": 17.240662913329636,
    "pBV/TV": 0.332038,
    "pTb.Th": 8.99563815664707,
    "pTb.N": 0.036911,
    "pBV/BV": 0.9548620497276654,
    "rBV/TV": 0.015696,
    "rTb.Th": 17.023861171366594,
    "rTb.N": 0.0009220000000000001,
    "rBV/BV": 0.0451379502723346,
    "range": {
        "z": [
            1042,
            1142
        ],
        "y": [
            764,
            864
        ],
        "x": [
            682,
            782
        ]
    }
}