{
    "TV": 1000000.0,
    "BV/TV": 0.454139,
    "porosity": 0.5458609999999999,
    "pore_size": 10.965027519987142,
    "pBV/TV": 0.435178,
    "pTb.Th": 8.939197239225997,
    "pTb.N": 0.048682,
    "pBV/BV": 0.9582484657780987,
    "rBV/TV": 0.018961,
    "rTb.Th": 17.237272727272728,
    "rTb.N": 0.0010999999999999998,
    "rBV/BV": 0.041751534221901226,
    "range": {
        "z": [
            1109,
            1209
        ],
        "y": [
            663,
            763
        ],
        "x": [
            351,
            451
        ]
    }
}