{
    "TV": 1000000.0,
    "BV/TV": 0.445543,
    "porosity": 0.554457,
    "pore_size": 11.596850097257953,
    "pBV/TV": 0.430277,
    "pTb.Th": 9.16711762575367,
    "pTb.N": 0.046937,
    "pBV/BV": 0.9657361915684906,
    "rBV/TV": 0.015266,
    "rTb.Th": 17.466819221967963,
    "rTb.N": 0.000874,
    "rBV/BV": 0.03426380843150942,
    "range": {
        "z": [
            1391,
            1491
        ],
        "y": [
            611,
            711
        ],
        "x": [
            755,
            855
        ]
    }
}