{
    "TV": 1000000.0,
    "BV/TV": 0.394382,
    "porosity": 0.605618,
    "pore_size": 14.414328216113292,
    "pBV/TV": 0.377717,
    "pTb.Th": 9.191536477344625,
    "pTb.N": 0.041094,
    "pBV/BV": 0.9577440146862687,
    "rBV/TV": 0.016665,
    "rTb.Th": 18.094462540716613,
    "rTb.N": 0.0009209999999999999,
    "rBV/BV": 0.042255985313731356,
    "range": {
        "z": [
            1300,
            1400
        ],
        "y": [
            476,
            576
        ],
        "x": [
            442,
            542
        ]
    }
}