{
    "TV": 1000000.0,
    "BV/TV": 0.331104,
    "porosity": 0.6688959999999999,
    "pore_size": 19.328343976652125,
    "pBV/TV": 0.316245,
    "pTb.Th": 9.35885294901009,
    "pTb.N": 0.033791,
    "pBV/BV": 0.9551228616990431,
    "rBV/TV": 0.014859,
    "rTb.Th": 18.209558823529413,
    "rTb.N": 0.000816,
    "rBV/BV": 0.0448771383009568,
    "range": {
        "z": [
            913,
            1013
        ],
        "y": [
            916,
            1016
        ],
        "x": [
            688,
            788
        ]
    }
}