{
    "TV": 1000000.0,
    "BV/TV": 0.35012,
    "porosity": 0.64988,
    "pore_size": 17.89070887818307,
    "pBV/TV": 0.331069,
    "pTb.Th": 9.364400067884823,
    "pTb.N": 0.035354,
    "pBV/BV": 0.9455872272363761,
    "rBV/TV": 0.019051,
    "rTb.Th": 19.61997940267765,
    "rTb.N": 0.000971,
    "rBV/BV": 0.0544127727636239,
    "range": {
        "z": [
            1163,
            1263
        ],
        "y": [
            697,
            797
        ],
        "x": [
            889,
            989
        ]
    }
}