{
    "TV": 1000000.0,
    "BV/TV": 0.16665,
    "porosity": 0.83335,
    "pore_size": 45.90701261499477,
    "pBV/TV": 0.15813,
    "pTb.Th": 8.918278720884327,
    "pTb.N": 0.017730999999999997,
    "pBV/BV": 0.9488748874887488,
    "rBV/TV": 0.00852,
    "rTb.Th": 20.18957345971564,
    "rTb.N": 0.000422,
    "rBV/BV": 0.051125112511251125,
    "range": {
        "z": [
            382,
            482
        ],
        "y": [
            983,
            1083
        ],
        "x": [
            840,
            940
        ]
    }
}