{
    "TV": 1000000.0,
    "BV/TV": 0.218519,
    "porosity": 0.781481,
    "pore_size": 35.554185623293904,
    "pBV/TV": 0.206141,
    "pTb.Th": 9.696646126346488,
    "pTb.N": 0.021259,
    "pBV/BV": 0.9433550400651659,
    "rBV/TV": 0.012378,
    "rTb.Th": 17.167822468793343,
    "rTb.N": 0.000721,
    "rBV/BV": 0.056644959934834045,
    "range": {
        "z": [
            449,
            549
        ],
        "y": [
            560,
            660
        ],
        "x": [
            447,
            547
        ]
    }
}