{
    "TV": 1000000.0,
    "BV/TV": 0.429851,
    "porosity": 0.570149,
    "pore_size": 12.932361013450675,
    "pBV/TV": 0.407972,
    "pTb.Th": 9.537404151860857,
    "pTb.N": 0.042776,
    "pBV/BV": 0.9491009675445677,
    "rBV/TV": 0.021879,
    "rTb.Th": 16.68878718535469,
    "rTb.N": 0.0013109999999999999,
    "rBV/BV": 0.05089903245543223,
    "range": {
        "z": [
            1065,
            1165
        ],
        "y": [
            624,
            724
        ],
        "x": [
            1096,
            1196
        ]
    }
}