{
    "TV": 1000000.0,
    "BV/TV": 0.456819,
    "porosity": 0.543181,
    "pore_size": 11.225763118192905,
    "pBV/TV": 0.43723,
    "pTb.Th": 9.258443620963472,
    "pTb.N": 0.047225,
    "pBV/BV": 0.9571186837675315,
    "rBV/TV": 0.019589,
    "rTb.Th": 16.85800344234079,
    "rTb.N": 0.0011619999999999998,
    "rBV/BV": 0.042881316232468436,
    "range": {
        "z": [
            1006,
            1106
        ],
        "y": [
            543,
            643
        ],
        "x": [
            1053,
            1153
        ]
    }
}