{
    "TV": 1000000.0,
    "BV/TV": 0.321396,
    "porosity": 0.678604,
    "pore_size": 20.15455895455895,
    "pBV/TV": 0.304952,
    "pTb.Th": 9.304408848207474,
    "pTb.N": 0.032775000000000006,
    "pBV/BV": 0.9488357042402519,
    "rBV/TV": 0.016444,
    "rTb.Th": 18.3731843575419,
    "rTb.N": 0.0008950000000000001,
    "rBV/BV": 0.051164295759748096,
    "range": {
        "z": [
            998,
            1098
        ],
        "y": [
            925,
            1025
        ],
        "x": [
            760,
            860
        ]
    }
}