{
    "TV": 1000000.0,
    "BV/TV": 0.272795,
    "porosity": 0.727205,
    "pore_size": 26.994506106388503,
    "pBV/TV": 0.257229,
    "pTb.Th": 9.819399908382959,
    "pTb.N": 0.026196,
    "pBV/BV": 0.9429388368555142,
    "rBV/TV": 0.015566,
    "rTb.Th": 20.95020188425303,
    "rTb.N": 0.000743,
    "rBV/BV": 0.05706116314448579,
    "range": {
        "z": [
            868,
            968
        ],
        "y": [
            787,
            887
        ],
        "x": [
            924,
            1024
        ]
    }
}