{
    "TV": 1000000.0,
    "BV/TV": 0.42442,
    "porosity": 0.57558,
    "pore_size": 12.72196803925469,
    "pBV/TV": 0.406414,
    "pTb.Th": 9.18823476216314,
    "pTb.N": 0.044232,
    "pBV/BV": 0.9575750435888978,
    "rBV/TV": 0.018006,
    "rTb.Th": 17.810089020771514,
    "rTb.N": 0.001011,
    "rBV/BV": 0.04242495641110221,
    "range": {
        "z": [
            1397,
            1497
        ],
        "y": [
            584,
            684
        ],
        "x": [
            690,
            790
        ]
    }
}