{
    "TV": 1000000.0,
    "BV/TV": 0.152985,
    "porosity": 0.847015,
    "pore_size": 59.07895654599987,
    "pBV/TV": 0.143227,
    "pTb.Th": 10.335329773416078,
    "pTb.N": 0.013857999999999999,
    "pBV/BV": 0.9362159688858385,
    "rBV/TV": 0.009758,
    "rTb.Th": 20.37160751565762,
    "rTb.N": 0.000479,
    "rBV/BV": 0.06378403111416152,
    "range": {
        "z": [
            296,
            396
        ],
        "y": [
            782,
            882
        ],
        "x": [
            831,
            931
        ]
    }
}