{
    "TV": 1000000.0,
    "BV/TV": 0.317572,
    "porosity": 0.682428,
    "pore_size": 17.870688977924424,
    "pBV/TV": 0.299672,
    "pTb.Th": 8.108008658008657,
    "pTb.N": 0.03696,
    "pBV/BV": 0.9436348292670639,
    "rBV/TV": 0.0179,
    "rTb.Th": 14.588427057864712,
    "rTb.N": 0.0012269999999999998,
    "rBV/BV": 0.056365170732936155,
    "range": {
        "z": [
            1300,
            1400
        ],
        "y": [
            683,
            783
        ],
        "x": [
            401,
            501
        ]
    }
}