{
    "TV": 1000000.0,
    "BV/TV": 0.479888,
    "porosity": 0.520112,
    "pore_size": 9.460882219190541,
    "pBV/TV": 0.460448,
    "pTb.Th": 8.584681930046983,
    "pTb.N": 0.053636,
    "pBV/BV": 0.9594905477944854,
    "rBV/TV": 0.01944,
    "rTb.Th": 14.51829723674384,
    "rTb.N": 0.001339,
    "rBV/BV": 0.04050945220551462,
    "range": {
        "z": [
            911,
            1011
        ],
        "y": [
            1022,
            1122
        ],
        "x": [
            360,
            460
        ]
    }
}