{
    "TV": 1000000.0,
    "BV/TV": 0.379533,
    "porosity": 0.620467,
    "pore_size": 16.868767331847096,
    "pBV/TV": 0.359539,
    "pTb.Th": 10.061538031006885,
    "pTb.N": 0.035733999999999995,
    "pBV/BV": 0.9473194689262857,
    "rBV/TV": 0.019994,
    "rTb.Th": 19.078244274809162,
    "rTb.N": 0.0010479999999999999,
    "rBV/BV": 0.05268053107371427,
    "range": {
        "z": [
            1155,
            1255
        ],
        "y": [
            1082,
            1182
        ],
        "x": [
            850,
            950
        ]
    }
}