{
    "TV": 1000000.0,
    "BV/TV": 0.370853,
    "porosity": 0.629147,
    "pore_size": 15.362284514333151,
    "pBV/TV": 0.353771,
    "pTb.Th": 8.821119561151976,
    "pTb.N": 0.040105,
    "pBV/BV": 0.9539386225809148,
    "rBV/TV": 0.017082,
    "rTb.Th": 20.120141342756185,
    "rTb.N": 0.0008489999999999999,
    "rBV/BV": 0.04606137741908519,
    "range": {
        "z": [
            976,
            1076
        ],
        "y": [
            600,
            700
        ],
        "x": [
            598,
            698
        ]
    }
}