{
    "TV": 1000000.0,
    "BV/TV": 0.385024,
    "porosity": 0.614976,
    "pore_size": 15.494091859615533,
    "pBV/TV": 0.366697,
    "pTb.Th": 9.49131616409991,
    "pTb.N": 0.038634999999999996,
    "pBV/BV": 0.9524003698470744,
    "rBV/TV": 0.018327,
    "rTb.Th": 17.355113636363637,
    "rTb.N": 0.0010559999999999999,
    "rBV/BV": 0.04759963015292553,
    "range": {
        "z": [
            1313,
            1413
        ],
        "y": [
            808,
            908
        ],
        "x": [
            926,
            1026
        ]
    }
}