{
    "TV": 1000000.0,
    "BV/TV": 0.401326,
    "porosity": 0.5986739999999999,
    "pore_size": 14.102706650020023,
    "pBV/TV": 0.383468,
    "pTb.Th": 9.233517938839393,
    "pTb.N": 0.04153,
    "pBV/BV": 0.9555025091820615,
    "rBV/TV": 0.017858,
    "rTb.Th": 19.389793702497286,
    "rTb.N": 0.0009209999999999999,
    "rBV/BV": 0.04449749081793854,
    "range": {
        "z": [
            1342,
            1442
        ],
        "y": [
            955,
            1055
        ],
        "x": [
            960,
            1060
        ]
    }
}