{
    "TV": 1000000.0,
    "BV/TV": 0.33289,
    "porosity": 0.66711,
    "pore_size": 19.070638346530973,
    "pBV/TV": 0.317464,
    "pTb.Th": 9.301066447908122,
    "pTb.N": 0.034132,
    "pBV/BV": 0.9536603682898255,
    "rBV/TV": 0.015426,
    "rTb.Th": 18.169611307420496,
    "rTb.N": 0.0008489999999999999,
    "rBV/BV": 0.04633963171017453,
    "range": {
        "z": [
            956,
            1056
        ],
        "y": [
            877,
            977
        ],
        "x": [
            625,
            725
        ]
    }
}