{
    "TV": 1000000.0,
    "BV/TV": 0.157175,
    "porosity": 0.8428249999999999,
    "pore_size": 56.50854844116662,
    "pBV/TV": 0.148003,
    "pTb.Th": 10.179023383768913,
    "pTb.N": 0.01454,
    "pBV/BV": 0.9416446635915381,
    "rBV/TV": 0.009172,
    "rTb.Th": 24.458666666666666,
    "rTb.N": 0.000375,
    "rBV/BV": 0.058355336408461904,
    "range": {
        "z": [
            123,
            223
        ],
        "y": [
            598,
            698
        ],
        "x": [
            487,
            587
        ]
    }
}