{
    "TV": 1000000.0,
    "BV/TV": 0.177611,
    "porosity": 0.822389,
    "pore_size": 45.55919339648774,
    "pBV/TV": 0.166295,
    "pTb.Th": 9.5014855445092,
    "pTb.N": 0.017502,
    "pBV/BV": 0.9362877299266374,
    "rBV/TV": 0.011316,
    "rTb.Th": 20.612021857923498,
    "rTb.N": 0.000549,
    "rBV/BV": 0.06371227007336257,
    "range": {
        "z": [
            390,
            490
        ],
        "y": [
            385,
            485
        ],
        "x": [
            615,
            715
        ]
    }
}