{
    "TV": 1000000.0,
    "BV/TV": 0.33985,
    "porosity": 0.66015,
    "pore_size": 18.041321636467984,
    "pBV/TV": 0.323217,
    "pTb.Th": 9.041793716955269,
    "pTb.N": 0.035747,
    "pBV/BV": 0.9510578196263058,
    "rBV/TV": 0.016633,
    "rTb.Th": 19.70734597156398,
    "rTb.N": 0.0008439999999999999,
    "rBV/BV": 0.04894218037369428,
    "range": {
        "z": [
            947,
            1047
        ],
        "y": [
            945,
            1045
        ],
        "x": [
            582,
            682
        ]
    }
}