{
    "TV": 1000000.0,
    "BV/TV": 0.165589,
    "porosity": 0.834411,
    "pore_size": 48.4868963914231,
    "pBV/TV": 0.158337,
    "pTb.Th": 9.422577957629136,
    "pTb.N": 0.016804000000000003,
    "pBV/BV": 0.9562048203685027,
    "rBV/TV": 0.007252,
    "rTb.Th": 17.906172839506173,
    "rTb.N": 0.000405,
    "rBV/BV": 0.04379517963149726,
    "range": {
        "z": [
            277,
            377
        ],
        "y": [
            961,
            1061
        ],
        "x": [
            696,
            796
        ]
    }
}