{
    "TV": 1000000.0,
    "BV/TV": 0.224058,
    "porosity": 0.775942,
    "pore_size": 35.352043373274405,
    "pBV/TV": 0.212305,
    "pTb.Th": 9.965499436725498,
    "pTb.N": 0.021304,
    "pBV/BV": 0.9475448321416776,
    "rBV/TV": 0.011753,
    "rTb.Th": 18.22170542635659,
    "rTb.N": 0.000645,
    "rBV/BV": 0.052455167858322396,
    "range": {
        "z": [
            268,
            368
        ],
        "y": [
            1049,
            1149
        ],
        "x": [
            380,
            480
        ]
    }
}