{
    "TV": 1000000.0,
    "BV/TV": 0.290433,
    "porosity": 0.7095670000000001,
    "pore_size": 22.958875299294633,
    "pBV/TV": 0.276956,
    "pTb.Th": 9.201196013289037,
    "pTb.N": 0.0301,
    "pBV/BV": 0.9535968708789979,
    "rBV/TV": 0.013477,
    "rTb.Th": 16.720843672456574,
    "rTb.N": 0.0008060000000000001,
    "rBV/BV": 0.04640312912100209,
    "range": {
        "z": [
            1076,
            1176
        ],
        "y": [
            873,
            973
        ],
        "x": [
            823,
            923
        ]
    }
}