{
    "TV": 1000000.0,
    "BV/TV": 0.548882,
    "porosity": 0.451118,
    "pore_size": 7.473790589794568,
    "pBV/TV": 0.52456,
    "pTb.Th": 8.895521375638047,
    "pTb.N": 0.058969,
    "pBV/BV": 0.9556881078264545,
    "rBV/TV": 0.024322,
    "rTb.Th": 17.48526240115025,
    "rTb.N": 0.001391,
    "rBV/BV": 0.044311892173545496,
    "range": {
        "z": [
            1088,
            1188
        ],
        "y": [
            351,
            451
        ],
        "x": [
            740,
            840
        ]
    }
}