{
    "TV": 1000000.0,
    "BV/TV": 0.203454,
    "porosity": 0.796546,
    "pore_size": 34.55731019522777,
    "pBV/TV": 0.193695,
    "pTb.Th": 8.59758533445781,
    "pTb.N": 0.022529,
    "pBV/BV": 0.952033383467516,
    "rBV/TV": 0.009759,
    "rTb.Th": 18.731285988483684,
    "rTb.N": 0.0005210000000000001,
    "rBV/BV": 0.047966616532484,
    "range": {
        "z": [
            582,
            682
        ],
        "y": [
            987,
            1087
        ],
        "x": [
            679,
            779
        ]
    }
}