{
    "TV": 1000000.0,
    "BV/TV": 0.335319,
    "porosity": 0.6646810000000001,
    "pore_size": 21.017581027667983,
    "pBV/TV": 0.320499,
    "pTb.Th": 10.422731707317073,
    "pTb.N": 0.03075,
    "pBV/BV": 0.9558032798618629,
    "rBV/TV": 0.01482,
    "rTb.Th": 16.937142857142856,
    "rTb.N": 0.000875,
    "rBV/BV": 0.044196720138137115,
    "range": {
        "z": [
            883,
            983
        ],
        "y": [
            1045,
            1145
        ],
        "x": [
            585,
            685
        ]
    }
}