{
    "TV": 1000000.0,
    "BV/TV": 0.474866,
    "porosity": 0.525134,
    "pore_size": 10.284041282337506,
    "pBV/TV": 0.451446,
    "pTb.Th": 9.083237761815658,
    "pTb.N": 0.049701,
    "pBV/BV": 0.9506808236428803,
    "rBV/TV": 0.02342,
    "rTb.Th": 17.195301027900147,
    "rTb.N": 0.001362,
    "rBV/BV": 0.049319176357119694,
    "range": {
        "z": [
            1186,
            1286
        ],
        "y": [
            480,
            580
        ],
        "x": [
            629,
            729
        ]
    }
}