{
    "TV": 1000000.0,
    "BV/TV": 0.29863,
    "porosity": 0.70137,
    "pore_size": 21.920552569071127,
    "pBV/TV": 0.284774,
    "pTb.Th": 9.115685019206145,
    "pTb.N": 0.031240000000000007,
    "pBV/BV": 0.9536014466061682,
    "rBV/TV": 0.013856,
    "rTb.Th": 18.32804232804233,
    "rTb.N": 0.0007559999999999999,
    "rBV/BV": 0.04639855339383183,
    "range": {
        "z": [
            825,
            925
        ],
        "y": [
            488,
            588
        ],
        "x": [
            701,
            801
        ]
    }
}