{
    "TV": 1000000.0,
    "BV/TV": 0.424853,
    "porosity": 0.5751470000000001,
    "pore_size": 12.818645805473835,
    "pBV/TV": 0.406739,
    "pTb.Th": 9.274632311024968,
    "pTb.N": 0.043855000000000005,
    "pBV/BV": 0.9573640765158773,
    "rBV/TV": 0.018114,
    "rTb.Th": 17.88153998025666,
    "rTb.N": 0.0010130000000000002,
    "rBV/BV": 0.04263592348412274,
    "range": {
        "z": [
            1243,
            1343
        ],
        "y": [
            551,
            651
        ],
        "x": [
            442,
            542
        ]
    }
}