{
    "TV": 1000000.0,
    "BV/TV": 0.406033,
    "porosity": 0.593967,
    "pore_size": 14.001720845807503,
    "pBV/TV": 0.388511,
    "pTb.Th": 9.35720134874759,
    "pTb.N": 0.04152,
    "pBV/BV": 0.9568458721335458,
    "rBV/TV": 0.017522,
    "rTb.Th": 19.447280799112097,
    "rTb.N": 0.000901,
    "rBV/BV": 0.04315412786645421,
    "range": {
        "z": [
            1258,
            1358
        ],
        "y": [
            914,
            1014
        ],
        "x": [
            1058,
            1158
        ]
    }
}