{
    "TV": 1000000.0,
    "BV/TV": 0.131108,
    "porosity": 0.868892,
    "pore_size": 62.90393107941794,
    "pBV/TV": 0.123314,
    "pTb.Th": 9.218359871421097,
    "pTb.N": 0.013376999999999998,
    "pBV/BV": 0.9405528266772432,
    "rBV/TV": 0.007794,
    "rTb.Th": 17.876146788990827,
    "rTb.N": 0.00043599999999999997,
    "rBV/BV": 0.05944717332275681,
    "range": {
        "z": [
            100,
            200
        ],
        "y": [
            770,
            870
        ],
        "x": [
            544,
            644
        ]
    }
}