{
    "TV": 1000000.0,
    "BV/TV": 0.140909,
    "porosity": 0.859091,
    "pore_size": 53.14184090065569,
    "pBV/TV": 0.135832,
    "pTb.Th": 8.546118031961747,
    "pTb.N": 0.015894000000000002,
    "pBV/BV": 0.9639696541739704,
    "rBV/TV": 0.005077,
    "rTb.Th": 18.665441176470587,
    "rTb.N": 0.000272,
    "rBV/BV": 0.03603034582602956,
    "range": {
        "z": [
            182,
            282
        ],
        "y": [
            944,
            1044
        ],
        "x": [
            998,
            1098
        ]
    }
}