{
    "TV": 1000000.0,
    "BV/TV": 0.340371,
    "porosity": 0.659629,
    "pore_size": 20.389125865479727,
    "pBV/TV": 0.322992,
    "pTb.Th": 10.241684370739131,
    "pTb.N": 0.031537,
    "pBV/BV": 0.9489410084877972,
    "rBV/TV": 0.017379,
    "rTb.Th": 21.3239263803681,
    "rTb.N": 0.0008149999999999999,
    "rBV/BV": 0.05105899151220286,
    "range": {
        "z": [
            808,
            908
        ],
        "y": [
            1066,
            1166
        ],
        "x": [
            518,
            618
        ]
    }
}