{
    "TV": 1000000.0,
    "BV/TV": 0.13769,
    "porosity": 0.86231,
    "pore_size": 53.41696091185034,
    "pBV/TV": 0.13275,
    "pTb.Th": 8.386505780529408,
    "pTb.N": 0.015829000000000003,
    "pBV/BV": 0.9641223037257608,
    "rBV/TV": 0.00494,
    "rTb.Th": 15.73248407643312,
    "rTb.N": 0.000314,
    "rBV/BV": 0.035877696274239236,
    "range": {
        "z": [
            252,
            352
        ],
        "y": [
            1011,
            1111
        ],
        "x": [
            779,
            879
        ]
    }
}