{
    "TV": 1000000.0,
    "BV/TV": 0.106469,
    "porosity": 0.893531,
    "pore_size": 75.97406683105177,
    "pBV/TV": 0.09904,
    "pTb.Th": 8.63695822795849,
    "pTb.N": 0.011467000000000001,
    "pBV/BV": 0.9302238210183246,
    "rBV/TV": 0.007429,
    "rTb.Th": 25.268707482993197,
    "rTb.N": 0.000294,
    "rBV/BV": 0.06977617898167542,
    "range": {
        "z": [
            230,
            330
        ],
        "y": [
            779,
            879
        ],
        "x": [
            919,
            1019
        ]
    }
}