{
    "TV": 1000000.0,
    "BV/TV": 0.453565,
    "porosity": 0.546435,
    "pore_size": 10.826068867139519,
    "pBV/TV": 0.434111,
    "pTb.Th": 8.78429349035796,
    "pTb.N": 0.049419,
    "pBV/BV": 0.9571086834301589,
    "rBV/TV": 0.019454,
    "rTb.Th": 18.439810426540284,
    "rTb.N": 0.001055,
    "rBV/BV": 0.042891316569841145,
    "range": {
        "z": [
            1355,
            1455
        ],
        "y": [
            454,
            554
        ],
        "x": [
            795,
            895
        ]
    }
}