{
    "TV": 1000000.0,
    "BV/TV": 0.235849,
    "porosity": 0.764151,
    "pore_size": 32.62117395944503,
    "pBV/TV": 0.222093,
    "pTb.Th": 9.755897210630353,
    "pTb.N": 0.022765000000000004,
    "pBV/BV": 0.941674546001891,
    "rBV/TV": 0.013756,
    "rTb.Th": 20.842424242424244,
    "rTb.N": 0.00066,
    "rBV/BV": 0.05832545399810896,
    "range": {
        "z": [
            681,
            781
        ],
        "y": [
            722,
            822
        ],
        "x": [
            417,
            517
        ]
    }
}