{
    "TV": 1000000.0,
    "BV/TV": 0.217866,
    "porosity": 0.782134,
    "pore_size": 33.32626017299417,
    "pBV/TV": 0.207213,
    "pTb.Th": 9.051369414231424,
    "pTb.N": 0.022893000000000004,
    "pBV/BV": 0.9511029715513205,
    "rBV/TV": 0.010653,
    "rTb.Th": 18.494791666666668,
    "rTb.N": 0.0005759999999999999,
    "rBV/BV": 0.048897028448679464,
    "range": {
        "z": [
            858,
            958
        ],
        "y": [
            861,
            961
        ],
        "x": [
            780,
            880
        ]
    }
}