{
    "TV": 1000000.0,
    "BV/TV": 0.325947,
    "porosity": 0.674053,
    "pore_size": 20.10298240381747,
    "pBV/TV": 0.312939,
    "pTb.Th": 9.510667396061269,
    "pTb.N": 0.032904,
    "pBV/BV": 0.9600916713453415,
    "rBV/TV": 0.013008,
    "rTb.Th": 20.77955271565495,
    "rTb.N": 0.000626,
    "rBV/BV": 0.03990832865465858,
    "range": {
        "z": [
            588,
            688
        ],
        "y": [
            559,
            659
        ],
        "x": [
            978,
            1078
        ]
    }
}