{
    "TV": 1000000.0,
    "BV/TV": 0.222338,
    "porosity": 0.777662,
    "pore_size": 35.20744295545093,
    "pBV/TV": 0.210786,
    "pTb.Th": 9.812671663330384,
    "pTb.N": 0.021481,
    "pBV/BV": 0.9480430695607589,
    "rBV/TV": 0.011552,
    "rTb.Th": 19.031301482701814,
    "rTb.N": 0.0006069999999999999,
    "rBV/BV": 0.051956930439241156,
    "range": {
        "z": [
            197,
            297
        ],
        "y": [
            583,
            683
        ],
        "x": [
            918,
            1018
        ]
    }
}