{
    "TV": 1000000.0,
    "BV/TV": 0.232072,
    "porosity": 0.7679279999999999,
    "pore_size": 31.16590909090909,
    "pBV/TV": 0.221704,
    "pTb.Th": 9.215779191087833,
    "pTb.N": 0.024057000000000002,
    "pBV/BV": 0.9553242097280155,
    "rBV/TV": 0.010368,
    "rTb.Th": 17.783876500857634,
    "rTb.N": 0.000583,
    "rBV/BV": 0.04467579027198456,
    "range": {
        "z": [
            700,
            800
        ],
        "y": [
            786,
            886
        ],
        "x": [
            692,
            792
        ]
    }
}