{
    "TV": 1000000.0,
    "BV/TV": 0.483868,
    "porosity": 0.516132,
    "pore_size": 9.810530317430144,
    "pBV/TV": 0.460923,
    "pTb.Th": 8.967199081729927,
    "pTb.N": 0.05140100000000001,
    "pBV/BV": 0.9525800424909273,
    "rBV/TV": 0.022945,
    "rTb.Th": 18.978494623655912,
    "rTb.N": 0.0012090000000000002,
    "rBV/BV": 0.04741995750907272,
    "range": {
        "z": [
            1118,
            1218
        ],
        "y": [
            438,
            538
        ],
        "x": [
            945,
            1045
        ]
    }
}