{
    "TV": 1000000.0,
    "BV/TV": 0.159969,
    "porosity": 0.840031,
    "pore_size": 47.73174612193875,
    "pBV/TV": 0.150189,
    "pTb.Th": 8.738523302496073,
    "pTb.N": 0.017186999999999997,
    "pBV/BV": 0.9388631547362302,
    "rBV/TV": 0.00978,
    "rTb.Th": 23.737864077669904,
    "rTb.N": 0.000412,
    "rBV/BV": 0.061136845263769855,
    "range": {
        "z": [
            392,
            492
        ],
        "y": [
            958,
            1058
        ],
        "x": [
            703,
            803
        ]
    }
}