{
    "TV": 1000000.0,
    "BV/TV": 0.274313,
    "porosity": 0.725687,
    "pore_size": 25.67531135012738,
    "pBV/TV": 0.25944,
    "pTb.Th": 9.42184776292853,
    "pTb.N": 0.027535999999999998,
    "pBV/BV": 0.945780914502776,
    "rBV/TV": 0.014873,
    "rTb.Th": 20.429945054945055,
    "rTb.N": 0.000728,
    "rBV/BV": 0.05421908549722398,
    "range": {
        "z": [
            887,
            987
        ],
        "y": [
            361,
            461
        ],
        "x": [
            502,
            602
        ]
    }
}