{
    "TV": 1000000.0,
    "BV/TV": 0.226323,
    "porosity": 0.773677,
    "pore_size": 32.12010628139661,
    "pBV/TV": 0.215973,
    "pTb.Th": 9.160714285714286,
    "pTb.N": 0.023575999999999996,
    "pBV/BV": 0.9542688988746173,
    "rBV/TV": 0.01035,
    "rTb.Th": 20.25440313111546,
    "rTb.N": 0.000511,
    "rBV/BV": 0.04573110112538275,
    "range": {
        "z": [
            691,
            791
        ],
        "y": [
            562,
            662
        ],
        "x": [
            695,
            795
        ]
    }
}