{
    "TV": 1000000.0,
    "BV/TV": 0.121132,
    "porosity": 0.878868,
    "pore_size": 66.06539878222958,
    "pBV/TV": 0.114168,
    "pTb.Th": 8.839269123567668,
    "pTb.N": 0.012916,
    "pBV/BV": 0.9425089984479741,
    "rBV/TV": 0.006964,
    "rTb.Th": 17.99483204134367,
    "rTb.N": 0.000387,
    "rBV/BV": 0.05749100155202589,
    "range": {
        "z": [
            202,
            302
        ],
        "y": [
            522,
            622
        ],
        "x": [
            691,
            791
        ]
    }
}