{
    "TV": 1000000.0,
    "BV/TV": 0.430534,
    "porosity": 0.569466,
    "pore_size": 11.495770837959508,
    "pBV/TV": 0.410296,
    "pTb.Th": 8.48981956629697,
    "pTb.N": 0.048327999999999996,
    "pBV/BV": 0.9529932595335096,
    "rBV/TV": 0.020238,
    "rTb.Th": 16.739454094292803,
    "rTb.N": 0.001209,
    "rBV/BV": 0.04700674046649045,
    "range": {
        "z": [
            1195,
            1295
        ],
        "y": [
            585,
            685
        ],
        "x": [
            1095,
            1195
        ]
    }
}