{
    "TV": 1000000.0,
    "BV/TV": 0.420876,
    "porosity": 0.579124,
    "pore_size": 13.138021778584392,
    "pBV/TV": 0.401788,
    "pTb.Th": 9.351083389578049,
    "pTb.N": 0.04296699999999999,
    "pBV/BV": 0.9546469744057632,
    "rBV/TV": 0.019088,
    "rTb.Th": 17.150044923629828,
    "rTb.N": 0.001113,
    "rBV/BV": 0.04535302559423678,
    "range": {
        "z": [
            1211,
            1311
        ],
        "y": [
            576,
            676
        ],
        "x": [
            759,
            859
        ]
    }
}