{
    "TV": 1000000.0,
    "BV/TV": 0.381188,
    "porosity": 0.6188119999999999,
    "pore_size": 15.234920478605542,
    "pBV/TV": 0.360945,
    "pTb.Th": 9.148733936582769,
    "pTb.N": 0.039453,
    "pBV/BV": 0.94689497046077,
    "rBV/TV": 0.020243,
    "rTb.Th": 17.375965665236052,
    "rTb.N": 0.001165,
    "rBV/BV": 0.053105029539229985,
    "range": {
        "z": [
            1199,
            1299
        ],
        "y": [
            634,
            734
        ],
        "x": [
            763,
            863
        ]
    }
}