{
    "TV": 1000000.0,
    "BV/TV": 0.124342,
    "porosity": 0.875658,
    "pore_size": 59.96014790468365,
    "pBV/TV": 0.118855,
    "pTb.Th": 8.301089537644922,
    "pTb.N": 0.014318,
    "pBV/BV": 0.9558717086744624,
    "rBV/TV": 0.005487,
    "rTb.Th": 19.185314685314687,
    "rTb.N": 0.00028599999999999996,
    "rBV/BV": 0.04412829132553763,
    "range": {
        "z": [
            215,
            315
        ],
        "y": [
            1020,
            1120
        ],
        "x": [
            820,
            920
        ]
    }
}