{
    "TV": 1000000.0,
    "BV/TV": 0.454182,
    "porosity": 0.545818,
    "pore_size": 10.758638361618672,
    "pBV/TV": 0.437497,
    "pTb.Th": 8.782258712060383,
    "pTb.N": 0.049816,
    "pBV/BV": 0.9632636255950258,
    "rBV/TV": 0.016685,
    "rTb.Th": 18.195201744820064,
    "rTb.N": 0.000917,
    "rBV/BV": 0.036736374404974216,
    "range": {
        "z": [
            1334,
            1434
        ],
        "y": [
            515,
            615
        ],
        "x": [
            845,
            945
        ]
    }
}