{
    "TV": 1000000.0,
    "BV/TV": 0.345738,
    "porosity": 0.654262,
    "pore_size": 17.52080766964812,
    "pBV/TV": 0.326155,
    "pTb.Th": 8.992170053210554,
    "pTb.N": 0.036271,
    "pBV/BV": 0.9433588439801237,
    "rBV/TV": 0.019583,
    "rTb.Th": 18.284780578898225,
    "rTb.N": 0.0010710000000000001,
    "rBV/BV": 0.05664115601987632,
    "range": {
        "z": [
            295,
            395
        ],
        "y": [
            388,
            488
        ],
        "x": [
            959,
            1059
        ]
    }
}