{
    "TV": 1000000.0,
    "BV/TV": 0.240886,
    "porosity": 0.7591140000000001,
    "pore_size": 31.161036082262633,
    "pBV/TV": 0.231651,
    "pTb.Th": 9.685621106326044,
    "pTb.N": 0.023917,
    "pBV/BV": 0.9616623631095207,
    "rBV/TV": 0.009235,
    "rTb.Th": 20.79954954954955,
    "rTb.N": 0.000444,
    "rBV/BV": 0.03833763689047932,
    "range": {
        "z": [
            393,
            493
        ],
        "y": [
            500,
            600
        ],
        "x": [
            831,
            931
        ]
    }
}