{
    "TV": 1000000.0,
    "BV/TV": 0.139955,
    "porosity": 0.860045,
    "pore_size": 55.39385546824682,
    "pBV/TV": 0.134144,
    "pTb.Th": 8.843298833146548,
    "pTb.N": 0.015169000000000004,
    "pBV/BV": 0.9584795112714801,
    "rBV/TV": 0.005811,
    "rTb.Th": 16.277310924369747,
    "rTb.N": 0.00035700000000000006,
    "rBV/BV": 0.041520488728519885,
    "range": {
        "z": [
            284,
            384
        ],
        "y": [
            789,
            889
        ],
        "x": [
            854,
            954
        ]
    }
}