{
    "TV": 1000000.0,
    "BV/TV": 0.349784,
    "porosity": 0.650216,
    "pore_size": 17.843468715697043,
    "pBV/TV": 0.331339,
    "pTb.Th": 9.34138708767973,
    "pTb.N": 0.03547,
    "pBV/BV": 0.9472674564874323,
    "rBV/TV": 0.018445,
    "rTb.Th": 19.015463917525775,
    "rTb.N": 0.0009699999999999999,
    "rBV/BV": 0.05273254351256776,
    "range": {
        "z": [
            968,
            1068
        ],
        "y": [
            797,
            897
        ],
        "x": [
            549,
            649
        ]
    }
}