{
    "TV": 1000000.0,
    "BV/TV": 0.196663,
    "porosity": 0.803337,
    "pore_size": 39.694485621108804,
    "pBV/TV": 0.184529,
    "pTb.Th": 9.389355314710222,
    "pTb.N": 0.019653,
    "pBV/BV": 0.9383005445864245,
    "rBV/TV": 0.012134,
    "rTb.Th": 20.741880341880343,
    "rTb.N": 0.000585,
    "rBV/BV": 0.06169945541357551,
    "range": {
        "z": [
            517,
            617
        ],
        "y": [
            515,
            615
        ],
        "x": [
            665,
            765
        ]
    }
}