{
    "TV": 1000000.0,
    "BV/TV": 0.252753,
    "porosity": 0.747247,
    "pore_size": 28.212904930906895,
    "pBV/TV": 0.241685,
    "pTb.Th": 9.338678516228748,
    "pTb.N": 0.02588,
    "pBV/BV": 0.9562102131329796,
    "rBV/TV": 0.011068,
    "rTb.Th": 18.264026402640265,
    "rTb.N": 0.000606,
    "rBV/BV": 0.04378978686702037,
    "range": {
        "z": [
            819,
            919
        ],
        "y": [
            764,
            864
        ],
        "x": [
            807,
            907
        ]
    }
}