{
    "TV": 1000000.0,
    "BV/TV": 0.210214,
    "porosity": 0.789786,
    "pore_size": 28.261146496815282,
    "pBV/TV": 0.202521,
    "pTb.Th": 7.428147007042254,
    "pTb.N": 0.027264,
    "pBV/BV": 0.9634039597743252,
    "rBV/TV": 0.007693,
    "rTb.Th": 11.280058651026392,
    "rTb.N": 0.0006820000000000001,
    "rBV/BV": 0.03659604022567479,
    "range": {
        "z": [
            330,
            430
        ],
        "y": [
            352,
            452
        ],
        "x": [
            1040,
            1140
        ]
    }
}