{
    "TV": 1000000.0,
    "BV/TV": 0.120046,
    "porosity": 0.879954,
    "pore_size": 63.45211998846264,
    "pBV/TV": 0.113893,
    "pTb.Th": 8.389289923394225,
    "pTb.N": 0.013576,
    "pBV/BV": 0.9487446478849775,
    "rBV/TV": 0.006153,
    "rTb.Th": 21.07191780821918,
    "rTb.N": 0.00029199999999999994,
    "rBV/BV": 0.05125535211502257,
    "range": {
        "z": [
            130,
            230
        ],
        "y": [
            994,
            1094
        ],
        "x": [
            877,
            977
        ]
    }
}