{
    "TV": 1000000.0,
    "BV/TV": 0.221996,
    "porosity": 0.778004,
    "pore_size": 32.9648743697301,
    "pBV/TV": 0.206615,
    "pTb.Th": 9.066435561016279,
    "pTb.N": 0.022789,
    "pBV/BV": 0.9307149678372584,
    "rBV/TV": 0.015381,
    "rTb.Th": 18.942118226600986,
    "rTb.N": 0.000812,
    "rBV/BV": 0.06928503216274168,
    "range": {
        "z": [
            389,
            489
        ],
        "y": [
            997,
            1097
        ],
        "x": [
            999,
            1099
        ]
    }
}