{
    "TV": 1000000.0,
    "BV/TV": 0.240931,
    "porosity": 0.759069,
    "pore_size": 28.925729746208376,
    "pBV/TV": 0.231867,
    "pTb.Th": 9.017851586807716,
    "pTb.N": 0.025712000000000002,
    "pBV/BV": 0.9623792704135209,
    "rBV/TV": 0.009064,
    "rTb.Th": 17.10188679245283,
    "rTb.N": 0.00053,
    "rBV/BV": 0.037620729586479114,
    "range": {
        "z": [
            911,
            1011
        ],
        "y": [
            846,
            946
        ],
        "x": [
            858,
            958
        ]
    }
}