{
    "TV": 1000000.0,
    "BV/TV": 0.296927,
    "porosity": 0.7030730000000001,
    "pore_size": 23.489008419083255,
    "pBV/TV": 0.282563,
    "pTb.Th": 9.678140841211125,
    "pTb.N": 0.029196,
    "pBV/BV": 0.9516244733554039,
    "rBV/TV": 0.014364,
    "rTb.Th": 19.516304347826086,
    "rTb.N": 0.000736,
    "rBV/BV": 0.04837552664459615,
    "range": {
        "z": [
            920,
            1020
        ],
        "y": [
            1092,
            1192
        ],
        "x": [
            847,
            947
        ]
    }
}