{
    "TV": 1000000.0,
    "BV/TV": 0.233196,
    "porosity": 0.766804,
    "pore_size": 31.662565034272035,
    "pBV/TV": 0.220432,
    "pTb.Th": 9.366533525962437,
    "pTb.N": 0.023534,
    "pBV/BV": 0.9452649273572445,
    "rBV/TV": 0.012764,
    "rTb.Th": 18.660818713450293,
    "rTb.N": 0.0006839999999999999,
    "rBV/BV": 0.05473507264275545,
    "range": {
        "z": [
            318,
            418
        ],
        "y": [
            1053,
            1153
        ],
        "x": [
            361,
            461
        ]
    }
}