{
    "TV": 1000000.0,
    "BV/TV": 0.365781,
    "porosity": 0.634219,
    "pore_size": 14.026428697806086,
    "pBV/TV": 0.350348,
    "pTb.Th": 7.933605072463768,
    "pTb.N": 0.04416,
    "pBV/BV": 0.957808087352815,
    "rBV/TV": 0.015433,
    "rTb.Th": 14.614583333333334,
    "rTb.N": 0.001056,
    "rBV/BV": 0.04219191264718507,
    "range": {
        "z": [
            914,
            1014
        ],
        "y": [
            365,
            465
        ],
        "x": [
            443,
            543
        ]
    }
}