{
    "TV": 1000000.0,
    "BV/TV": 0.120227,
    "porosity": 0.879773,
    "pore_size": 69.90647596344854,
    "pBV/TV": 0.11091,
    "pTb.Th": 9.152500412609342,
    "pTb.N": 0.012117999999999999,
    "pBV/BV": 0.9225049281775308,
    "rBV/TV": 0.009317,
    "rTb.Th": 19.950749464668093,
    "rTb.N": 0.0004670000000000001,
    "rBV/BV": 0.07749507182246916,
    "range": {
        "z": [
            209,
            309
        ],
        "y": [
            676,
            776
        ],
        "x": [
            693,
            793
        ]
    }
}