{
    "TV": 1000000.0,
    "BV/TV": 0.388624,
    "porosity": 0.6113759999999999,
    "pore_size": 15.034082525943047,
    "pBV/TV": 0.36863,
    "pTb.Th": 9.2935837640237,
    "pTb.N": 0.039665,
    "pBV/BV": 0.948551813578163,
    "rBV/TV": 0.019994,
    "rTb.Th": 19.974025974025974,
    "rTb.N": 0.0010010000000000002,
    "rBV/BV": 0.051448186421837044,
    "range": {
        "z": [
            1391,
            1491
        ],
        "y": [
            878,
            978
        ],
        "x": [
            748,
            848
        ]
    }
}