{
    "TV": 1000000.0,
    "BV/TV": 0.32708,
    "porosity": 0.67292,
    "pore_size": 19.877119395049327,
    "pBV/TV": 0.311686,
    "pTb.Th": 9.424467827769714,
    "pTb.N": 0.033072000000000004,
    "pBV/BV": 0.9529350617585912,
    "rBV/TV": 0.015394,
    "rTb.Th": 19.685421994884912,
    "rTb.N": 0.0007819999999999999,
    "rBV/BV": 0.04706493824140883,
    "range": {
        "z": [
            1163,
            1263
        ],
        "y": [
            1001,
            1101
        ],
        "x": [
            953,
            1053
        ]
    }
}