{
    "TV": 1000000.0,
    "BV/TV": 0.151388,
    "porosity": 0.848612,
    "pore_size": 53.28469169910838,
    "pBV/TV": 0.145719,
    "pTb.Th": 9.373407950598224,
    "pTb.N": 0.015545999999999999,
    "pBV/BV": 0.9625531746241446,
    "rBV/TV": 0.005669,
    "rTb.Th": 14.91842105263158,
    "rTb.N": 0.00038,
    "rBV/BV": 0.03744682537585542,
    "range": {
        "z": [
            212,
            312
        ],
        "y": [
            470,
            570
        ],
        "x": [
            722,
            822
        ]
    }
}