{
    "TV": 1000000.0,
    "BV/TV": 0.216152,
    "porosity": 0.783848,
    "pore_size": 33.699398108340496,
    "pBV/TV": 0.206121,
    "pTb.Th": 9.06903379091869,
    "pTb.N": 0.022728,
    "pBV/BV": 0.953592842074096,
    "rBV/TV": 0.010031,
    "rTb.Th": 18.855263157894736,
    "rTb.N": 0.000532,
    "rBV/BV": 0.046407157925904,
    "range": {
        "z": [
            559,
            659
        ],
        "y": [
            514,
            614
        ],
        "x": [
            560,
            660
        ]
    }
}