{
    "TV": 1000000.0,
    "BV/TV": 0.379768,
    "porosity": 0.620232,
    "pore_size": 15.67033855482567,
    "pBV/TV": 0.362952,
    "pTb.Th": 9.376666322207296,
    "pTb.N": 0.038708,
    "pBV/BV": 0.9557203345200227,
    "rBV/TV": 0.016816,
    "rTb.Th": 19.28440366972477,
    "rTb.N": 0.000872,
    "rBV/BV": 0.04427966547997725,
    "range": {
        "z": [
            1251,
            1351
        ],
        "y": [
            867,
            967
        ],
        "x": [
            1088,
            1188
        ]
    }
}