{
    "TV": 1000000.0,
    "BV/TV": 0.169803,
    "porosity": 0.830197,
    "pore_size": 48.5921568627451,
    "pBV/TV": 0.160807,
    "pTb.Th": 9.65112231424799,
    "pTb.N": 0.016662,
    "pBV/BV": 0.9470209595825752,
    "rBV/TV": 0.008996,
    "rTb.Th": 21.26713947990544,
    "rTb.N": 0.000423,
    "rBV/BV": 0.0529790404174249,
    "range": {
        "z": [
            317,
            417
        ],
        "y": [
            862,
            962
        ],
        "x": [
            963,
            1063
        ]
    }
}