{
    "TV": 1000000.0,
    "BV/TV": 0.448421,
    "porosity": 0.551579,
    "pore_size": 11.25028555111365,
    "pBV/TV": 0.427102,
    "pTb.Th": 8.923427282034138,
    "pTb.N": 0.047863,
    "pBV/BV": 0.9524576235278901,
    "rBV/TV": 0.021319,
    "rTb.Th": 18.299570815450643,
    "rTb.N": 0.001165,
    "rBV/BV": 0.04754237647210992,
    "range": {
        "z": [
            1370,
            1470
        ],
        "y": [
            517,
            617
        ],
        "x": [
            637,
            737
        ]
    }
}