{
    "TV": 1000000.0,
    "BV/TV": 0.326766,
    "porosity": 0.673234,
    "pore_size": 19.819070328829227,
    "pBV/TV": 0.311041,
    "pTb.Th": 9.37830911174094,
    "pTb.N": 0.033166,
    "pBV/BV": 0.9518768782553877,
    "rBV/TV": 0.015725,
    "rTb.Th": 19.582814445828145,
    "rTb.N": 0.0008029999999999999,
    "rBV/BV": 0.048123121744612356,
    "range": {
        "z": [
            933,
            1033
        ],
        "y": [
            996,
            1096
        ],
        "x": [
            697,
            797
        ]
    }
}