{
    "TV": 1000000.0,
    "BV/TV": 0.23898,
    "porosity": 0.76102,
    "pore_size": 31.258522960650616,
    "pBV/TV": 0.227968,
    "pTb.Th": 9.582513661202185,
    "pTb.N": 0.023790000000000002,
    "pBV/BV": 0.9539208301949954,
    "rBV/TV": 0.011012,
    "rTb.Th": 19.805755395683452,
    "rTb.N": 0.000556,
    "rBV/BV": 0.0460791698050046,
    "range": {
        "z": [
            565,
            665
        ],
        "y": [
            533,
            633
        ],
        "x": [
            807,
            907
        ]
    }
}