{
    "TV": 1000000.0,
    "BV/TV": 0.410652,
    "porosity": 0.589348,
    "pore_size": 12.639629399275098,
    "pBV/TV": 0.391376,
    "pTb.Th": 8.60753480393235,
    "pTb.N": 0.045469,
    "pBV/BV": 0.9530600118835413,
    "rBV/TV": 0.019276,
    "rTb.Th": 16.64594127806563,
    "rTb.N": 0.001158,
    "rBV/BV": 0.046939988116458706,
    "range": {
        "z": [
            1329,
            1429
        ],
        "y": [
            455,
            555
        ],
        "x": [
            949,
            1049
        ]
    }
}