{
    "TV": 1000000.0,
    "BV/TV": 0.274114,
    "porosity": 0.725886,
    "pore_size": 26.02488168650509,
    "pBV/TV": 0.261727,
    "pTb.Th": 9.584261022411015,
    "pTb.N": 0.027308,
    "pBV/BV": 0.9548107721604879,
    "rBV/TV": 0.012387,
    "rTb.Th": 21.210616438356166,
    "rTb.N": 0.000584,
    "rBV/BV": 0.04518922783951203,
    "range": {
        "z": [
            793,
            893
        ],
        "y": [
            684,
            784
        ],
        "x": [
            995,
            1095
        ]
    }
}