{
    "TV": 1000000.0,
    "BV/TV": 0.409963,
    "porosity": 0.5900369999999999,
    "pore_size": 14.372917275650392,
    "pBV/TV": 0.389147,
    "pTb.Th": 9.749636718945734,
    "pTb.N": 0.039914,
    "pBV/BV": 0.9492246861302117,
    "rBV/TV": 0.020816,
    "rTb.Th": 18.291739894551846,
    "rTb.N": 0.0011380000000000001,
    "rBV/BV": 0.05077531386978825,
    "range": {
        "z": [
            945,
            1045
        ],
        "y": [
            598,
            698
        ],
        "x": [
            1021,
            1121
        ]
    }
}