{
    "TV": 1000000.0,
    "BV/TV": 0.246338,
    "porosity": 0.753662,
    "pore_size": 30.225065169440548,
    "pBV/TV": 0.233135,
    "pTb.Th": 9.612228910695142,
    "pTb.N": 0.024254,
    "pBV/BV": 0.9464029098230886,
    "rBV/TV": 0.013203,
    "rTb.Th": 19.387665198237887,
    "rTb.N": 0.000681,
    "rBV/BV": 0.053597090176911395,
    "range": {
        "z": [
            656,
            756
        ],
        "y": [
            543,
            643
        ],
        "x": [
            843,
            943
        ]
    }
}