{
    "TV": 1000000.0,
    "BV/TV": 0.155308,
    "porosity": 0.844692,
    "pore_size": 53.55982499524444,
    "pBV/TV": 0.144896,
    "pTb.Th": 9.488311178049898,
    "pTb.N": 0.015271,
    "pBV/BV": 0.932959023360033,
    "rBV/TV": 0.010412,
    "rTb.Th": 20.824,
    "rTb.N": 0.0004999999999999999,
    "rBV/BV": 0.06704097663996704,
    "range": {
        "z": [
            107,
            207
        ],
        "y": [
            912,
            1012
        ],
        "x": [
            475,
            575
        ]
    }
}