{
    "TV": 1000000.0,
    "BV/TV": 0.129364,
    "porosity": 0.870636,
    "pore_size": 66.5013748854262,
    "pBV/TV": 0.122682,
    "pTb.Th": 9.619099890230515,
    "pTb.N": 0.012754000000000001,
    "pBV/BV": 0.9483472990940293,
    "rBV/TV": 0.006682,
    "rTb.Th": 19.76923076923077,
    "rTb.N": 0.000338,
    "rBV/BV": 0.05165270090597075,
    "range": {
        "z": [
            314,
            414
        ],
        "y": [
            703,
            803
        ],
        "x": [
            698,
            798
        ]
    }
}