{
    "TV": 1000000.0,
    "BV/TV": 0.432493,
    "porosity": 0.567507,
    "pore_size": 11.90141347202416,
    "pBV/TV": 0.414248,
    "pTb.Th": 8.87744037031481,
    "pTb.N": 0.046663,
    "pBV/BV": 0.9578143461281454,
    "rBV/TV": 0.018245,
    "rTb.Th": 17.86973555337904,
    "rTb.N": 0.001021,
    "rBV/BV": 0.04218565387185457,
    "range": {
        "z": [
            1219,
            1319
        ],
        "y": [
            983,
            1083
        ],
        "x": [
            620,
            720
        ]
    }
}