{
    "TV": 1000000.0,
    "BV/TV": 0.473893,
    "porosity": 0.526107,
    "pore_size": 9.554984471767677,
    "pBV/TV": 0.454104,
    "pTb.Th": 8.414631434606974,
    "pTb.N": 0.053966,
    "pBV/BV": 0.9582416283844666,
    "rBV/TV": 0.019789,
    "rTb.Th": 18.072146118721463,
    "rTb.N": 0.001095,
    "rBV/BV": 0.04175837161553347,
    "range": {
        "z": [
            1384,
            1484
        ],
        "y": [
            420,
            520
        ],
        "x": [
            829,
            929
        ]
    }
}