{
    "TV": 1000000.0,
    "BV/TV": 0.281491,
    "porosity": 0.7185090000000001,
    "pore_size": 24.048900492017268,
    "pBV/TV": 0.269346,
    "pTb.Th": 9.202432607878643,
    "pTb.N": 0.029268999999999996,
    "pBV/BV": 0.956854748464427,
    "rBV/TV": 0.012145,
    "rTb.Th": 19.97532894736842,
    "rTb.N": 0.0006079999999999999,
    "rBV/BV": 0.043145251535573075,
    "range": {
        "z": [
            706,
            806
        ],
        "y": [
            579,
            679
        ],
        "x": [
            533,
            633
        ]
    }
}