{
    "TV": 1000000.0,
    "BV/TV": 0.259509,
    "porosity": 0.740491,
    "pore_size": 29.333346537791158,
    "pBV/TV": 0.247949,
    "pTb.Th": 10.064090595445874,
    "pTb.N": 0.024637,
    "pBV/BV": 0.9554543387705243,
    "rBV/TV": 0.01156,
    "rTb.Th": 19.044481054365733,
    "rTb.N": 0.000607,
    "rBV/BV": 0.04454566122947566,
    "range": {
        "z": [
            379,
            479
        ],
        "y": [
            359,
            459
        ],
        "x": [
            840,
            940
        ]
    }
}