{
    "TV": 1000000.0,
    "BV/TV": 0.115955,
    "porosity": 0.884045,
    "pore_size": 71.41489619516925,
    "pBV/TV": 0.107861,
    "pTb.Th": 8.995163038945876,
    "pTb.N": 0.011991,
    "pBV/BV": 0.9301970592040015,
    "rBV/TV": 0.008094,
    "rTb.Th": 20.86082474226804,
    "rTb.N": 0.00038800000000000005,
    "rBV/BV": 0.06980294079599844,
    "range": {
        "z": [
            267,
            367
        ],
        "y": [
            700,
            800
        ],
        "x": [
            633,
            733
        ]
    }
}