{
    "TV": 1000000.0,
    "BV/TV": 0.25646,
    "porosity": 0.74354,
    "pore_size": 28.72363439697133,
    "pBV/TV": 0.243043,
    "pTb.Th": 9.663737574552684,
    "pTb.N": 0.025150000000000002,
    "pBV/BV": 0.9476838493332294,
    "rBV/TV": 0.013417,
    "rTb.Th": 18.22961956521739,
    "rTb.N": 0.000736,
    "rBV/BV": 0.052316150666770644,
    "range": {
        "z": [
            923,
            1023
        ],
        "y": [
            689,
            789
        ],
        "x": [
            730,
            830
        ]
    }
}