{
    "TV": 1000000.0,
    "BV/TV": 0.409791,
    "porosity": 0.590209,
    "pore_size": 13.056565790637997,
    "pBV/TV": 0.393177,
    "pTb.Th": 8.899232701840157,
    "pTb.N": 0.044181000000000005,
    "pBV/BV": 0.9594573819337174,
    "rBV/TV": 0.016614,
    "rTb.Th": 16.240469208211145,
    "rTb.N": 0.0010229999999999998,
    "rBV/BV": 0.040542618066282565,
    "range": {
        "z": [
            1267,
            1367
        ],
        "y": [
            703,
            803
        ],
        "x": [
            706,
            806
        ]
    }
}