{
    "TV": 1000000.0,
    "BV/TV": 0.209166,
    "porosity": 0.790834,
    "pore_size": 35.97807197124789,
    "pBV/TV": 0.197469,
    "pTb.Th": 9.220629435935749,
    "pTb.N": 0.021416,
    "pBV/BV": 0.9440779094116635,
    "rBV/TV": 0.011697,
    "rTb.Th": 20.702654867256637,
    "rTb.N": 0.0005650000000000001,
    "rBV/BV": 0.05592209058833654,
    "range": {
        "z": [
            258,
            358
        ],
        "y": [
            803,
            903
        ],
        "x": [
            1039,
            1139
        ]
    }
}