{
    "TV": 1000000.0,
    "BV/TV": 0.177616,
    "porosity": 0.822384,
    "pore_size": 43.70663265306123,
    "pBV/TV": 0.167452,
    "pTb.Th": 9.161396214027793,
    "pTb.N": 0.018278,
    "pBV/BV": 0.94277542563733,
    "rBV/TV": 0.010164,
    "rTb.Th": 18.892193308550187,
    "rTb.N": 0.000538,
    "rBV/BV": 0.05722457436267003,
    "range": {
        "z": [
            455,
            555
        ],
        "y": [
            762,
            862
        ],
        "x": [
            760,
            860
        ]
    }
}