{
    "TV": 1000000.0,
    "BV/TV": 0.215831,
    "porosity": 0.784169,
    "pore_size": 33.14463840399003,
    "pBV/TV": 0.205961,
    "pTb.Th": 8.902187067773168,
    "pTb.N": 0.023136,
    "pBV/BV": 0.954269775889469,
    "rBV/TV": 0.00987,
    "rTb.Th": 18.87189292543021,
    "rTb.N": 0.000523,
    "rBV/BV": 0.045730224110530925,
    "range": {
        "z": [
            632,
            732
        ],
        "y": [
            747,
            847
        ],
        "x": [
            909,
            1009
        ]
    }
}