{
    "TV": 1000000.0,
    "BV/TV": 0.350413,
    "porosity": 0.649587,
    "pore_size": 18.59735463368548,
    "pBV/TV": 0.333003,
    "pTb.Th": 9.783271637581526,
    "pTb.N": 0.034038,
    "pBV/BV": 0.9503157702482499,
    "rBV/TV": 0.01741,
    "rTb.Th": 19.539842873176205,
    "rTb.N": 0.000891,
    "rBV/BV": 0.049684229751750075,
    "range": {
        "z": [
            841,
            941
        ],
        "y": [
            907,
            1007
        ],
        "x": [
            423,
            523
        ]
    }
}