{
    "TV": 1000000.0,
    "BV/TV": 0.244319,
    "porosity": 0.755681,
    "pore_size": 28.997735993860324,
    "pBV/TV": 0.233488,
    "pTb.Th": 9.14419989034229,
    "pTb.N": 0.025533999999999998,
    "pBV/BV": 0.9556686135748754,
    "rBV/TV": 0.010831,
    "rTb.Th": 20.59125475285171,
    "rTb.N": 0.000526,
    "rBV/BV": 0.04433138642512453,
    "range": {
        "z": [
            736,
            836
        ],
        "y": [
            356,
            456
        ],
        "x": [
            576,
            676
        ]
    }
}