{
    "TV": 1000000.0,
    "BV/TV": 0.332312,
    "porosity": 0.6676880000000001,
    "pore_size": 19.677236826594367,
    "pBV/TV": 0.318949,
    "pTb.Th": 9.632720244027665,
    "pTb.N": 0.033110999999999995,
    "pBV/BV": 0.9597877897879101,
    "rBV/TV": 0.013363,
    "rTb.Th": 16.276492082825822,
    "rTb.N": 0.000821,
    "rBV/BV": 0.040212210212089844,
    "range": {
        "z": [
            1046,
            1146
        ],
        "y": [
            714,
            814
        ],
        "x": [
            931,
            1031
        ]
    }
}