{
    "TV": 1000000.0,
    "BV/TV": 0.284438,
    "porosity": 0.715562,
    "pore_size": 23.95186610878661,
    "pBV/TV": 0.273153,
    "pTb.Th": 9.338883380628397,
    "pTb.N": 0.029248999999999997,
    "pBV/BV": 0.9603252729944662,
    "rBV/TV": 0.011285,
    "rTb.Th": 18.027156549520768,
    "rTb.N": 0.0006259999999999999,
    "rBV/BV": 0.03967472700553372,
    "range": {
        "z": [
            694,
            794
        ],
        "y": [
            678,
            778
        ],
        "x": [
            534,
            634
        ]
    }
}