{
    "TV": 1000000.0,
    "BV/TV": 0.261586,
    "porosity": 0.738414,
    "pore_size": 27.37198354153538,
    "pBV/TV": 0.246762,
    "pTb.Th": 9.372607110300821,
    "pTb.N": 0.026327999999999997,
    "pBV/BV": 0.9433303005512528,
    "rBV/TV": 0.014824,
    "rTb.Th": 22.84129429892142,
    "rTb.N": 0.000649,
    "rBV/BV": 0.05666969944874726,
    "range": {
        "z": [
            635,
            735
        ],
        "y": [
            761,
            861
        ],
        "x": [
            355,
            455
        ]
    }
}