{
    "TV": 1000000.0,
    "BV/TV": 0.199848,
    "porosity": 0.800152,
    "pore_size": 38.91411341309211,
    "pBV/TV": 0.190059,
    "pTb.Th": 9.486348889443473,
    "pTb.N": 0.020035,
    "pBV/BV": 0.951017773507866,
    "rBV/TV": 0.009789,
    "rTb.Th": 18.57495256166983,
    "rTb.N": 0.000527,
    "rBV/BV": 0.048982226492134025,
    "range": {
        "z": [
            399,
            499
        ],
        "y": [
            649,
            749
        ],
        "x": [
            436,
            536
        ]
    }
}