{
    "TV": 1000000.0,
    "BV/TV": 0.390334,
    "porosity": 0.609666,
    "pore_size": 13.94765619638077,
    "pBV/TV": 0.37171,
    "pTb.Th": 8.686842720261744,
    "pTb.N": 0.042789999999999995,
    "pBV/BV": 0.9522870157352421,
    "rBV/TV": 0.018624,
    "rTb.Th": 20.221498371335503,
    "rTb.N": 0.0009210000000000002,
    "rBV/BV": 0.047712984264757875,
    "range": {
        "z": [
            1352,
            1452
        ],
        "y": [
            1064,
            1164
        ],
        "x": [
            767,
            867
        ]
    }
}