{
    "TV": 1000000.0,
    "BV/TV": 0.411993,
    "porosity": 0.588007,
    "pore_size": 13.706776381733839,
    "pBV/TV": 0.394026,
    "pTb.Th": 9.412947921643573,
    "pTb.N": 0.04186,
    "pBV/BV": 0.9563900357530346,
    "rBV/TV": 0.017967,
    "rTb.Th": 17.292589027911454,
    "rTb.N": 0.001039,
    "rBV/BV": 0.04360996424696536,
    "range": {
        "z": [
            1058,
            1158
        ],
        "y": [
            1092,
            1192
        ],
        "x": [
            709,
            809
        ]
    }
}