{
    "TV": 1000000.0,
    "BV/TV": 0.363606,
    "porosity": 0.636394,
    "pore_size": 16.911429406606256,
    "pBV/TV": 0.344407,
    "pTb.Th": 9.39847182425979,
    "pTb.N": 0.036645000000000004,
    "pBV/BV": 0.9471983410614786,
    "rBV/TV": 0.019199,
    "rTb.Th": 19.47160243407708,
    "rTb.N": 0.000986,
    "rBV/BV": 0.052801658938521366,
    "range": {
        "z": [
            1155,
            1255
        ],
        "y": [
            972,
            1072
        ],
        "x": [
            806,
            906
        ]
    }
}