{
    "TV": 1000000.0,
    "BV/TV": 0.428279,
    "porosity": 0.5717209999999999,
    "pore_size": 12.666910379971196,
    "pBV/TV": 0.40755,
    "pTb.Th": 9.280428099738131,
    "pTb.N": 0.043914999999999996,
    "pBV/BV": 0.951599307927776,
    "rBV/TV": 0.020729,
    "rTb.Th": 16.99098360655738,
    "rTb.N": 0.00122,
    "rBV/BV": 0.048400692072223944,
    "range": {
        "z": [
            1345,
            1445
        ],
        "y": [
            1055,
            1155
        ],
        "x": [
            1066,
            1166
        ]
    }
}