{
    "TV": 1000000.0,
    "BV/TV": 0.479602,
    "porosity": 0.520398,
    "pore_size": 10.283732511263933,
    "pBV/TV": 0.457729,
    "pTb.Th": 9.269146652626462,
    "pTb.N": 0.049382,
    "pBV/BV": 0.9543934345561528,
    "rBV/TV": 0.021873,
    "rTb.Th": 17.899345335515548,
    "rTb.N": 0.001222,
    "rBV/BV": 0.04560656544384719,
    "range": {
        "z": [
            1070,
            1170
        ],
        "y": [
            398,
            498
        ],
        "x": [
            819,
            919
        ]
    }
}