{
    "TV": 1000000.0,
    "BV/TV": 0.050425,
    "porosity": 0.9495750000000001,
    "pore_size": 126.17260164762158,
    "pBV/TV": 0.047871,
    "pTb.Th": 6.528160370925951,
    "pTb.N": 0.007333,
    "pBV/BV": 0.9493505205751116,
    "rBV/TV": 0.002554,
    "rTb.Th": 13.233160621761659,
    "rTb.N": 0.00019299999999999997,
    "rBV/BV": 0.05064947942488845,
    "range": {
        "z": [
            1356,
            1456
        ],
        "y": [
            422,
            522
        ],
        "x": [
            1096,
            1196
        ]
    }
}