{
    "TV": 1000000.0,
    "BV/TV": 0.279975,
    "porosity": 0.720025,
    "pore_size": 24.94975570879102,
    "pBV/TV": 0.27144,
    "pTb.Th": 9.579333709768493,
    "pTb.N": 0.028336,
    "pBV/BV": 0.9695151352799357,
    "rBV/TV": 0.008535,
    "rTb.Th": 16.319311663479922,
    "rTb.N": 0.000523,
    "rBV/BV": 0.03048486472006429,
    "range": {
        "z": [
            562,
            662
        ],
        "y": [
            694,
            794
        ],
        "x": [
            1023,
            1123
        ]
    }
}