{
    "TV": 1000000.0,
    "BV/TV": 0.228475,
    "porosity": 0.771525,
    "pore_size": 30.894365915188402,
    "pBV/TV": 0.218205,
    "pTb.Th": 8.926730486008836,
    "pTb.N": 0.024444000000000004,
    "pBV/BV": 0.955049786628734,
    "rBV/TV": 0.01027,
    "rTb.Th": 19.41398865784499,
    "rTb.N": 0.0005290000000000001,
    "rBV/BV": 0.044950213371266,
    "range": {
        "z": [
            883,
            983
        ],
        "y": [
            866,
            966
        ],
        "x": [
            859,
            959
        ]
    }
}