{
    "TV": 1000000.0,
    "BV/TV": 0.248024,
    "porosity": 0.751976,
    "pore_size": 31.169989637305704,
    "pBV/TV": 0.235571,
    "pTb.Th": 10.01577380952381,
    "pTb.N": 0.023520000000000003,
    "pBV/BV": 0.9497911492436216,
    "rBV/TV": 0.012453,
    "rTb.Th": 20.583471074380164,
    "rTb.N": 0.0006050000000000001,
    "rBV/BV": 0.05020885075637842,
    "range": {
        "z": [
            207,
            307
        ],
        "y": [
            505,
            605
        ],
        "x": [
            967,
            1067
        ]
    }
}