{
    "TV": 1000000.0,
    "BV/TV": 0.187567,
    "porosity": 0.812433,
    "pore_size": 41.471822358346095,
    "pBV/TV": 0.177448,
    "pTb.Th": 9.301672170676731,
    "pTb.N": 0.019077,
    "pBV/BV": 0.9460512776767769,
    "rBV/TV": 0.010119,
    "rTb.Th": 19.72514619883041,
    "rTb.N": 0.000513,
    "rBV/BV": 0.05394872232322317,
    "range": {
        "z": [
            480,
            580
        ],
        "y": [
            550,
            650
        ],
        "x": [
            627,
            727
        ]
    }
}