{
    "TV": 1000000.0,
    "BV/TV": 0.301289,
    "porosity": 0.6987110000000001,
    "pore_size": 22.056663930803715,
    "pBV/TV": 0.290106,
    "pTb.Th": 9.333869566616261,
    "pTb.N": 0.031080999999999994,
    "pBV/BV": 0.9628828135112799,
    "rBV/TV": 0.011183,
    "rTb.Th": 18.731993299832496,
    "rTb.N": 0.000597,
    "rBV/BV": 0.03711718648872013,
    "range": {
        "z": [
            744,
            844
        ],
        "y": [
            1083,
            1183
        ],
        "x": [
            723,
            823
        ]
    }
}