{
    "TV": 1000000.0,
    "BV/TV": 0.133719,
    "porosity": 0.866281,
    "pore_size": 55.096419258411245,
    "pBV/TV": 0.129015,
    "pTb.Th": 8.372160934458144,
    "pTb.N": 0.01541,
    "pBV/BV": 0.9648217530792184,
    "rBV/TV": 0.004704,
    "rTb.Th": 15.028753993610223,
    "rTb.N": 0.000313,
    "rBV/BV": 0.03517824692078164,
    "range": {
        "z": [
            207,
            307
        ],
        "y": [
            798,
            898
        ],
        "x": [
            716,
            816
        ]
    }
}