{
    "TV": 1000000.0,
    "BV/TV": 0.487294,
    "porosity": 0.512706,
    "pore_size": 9.903726168170142,
    "pBV/TV": 0.468455,
    "pTb.Th": 9.248864758144126,
    "pTb.N": 0.05065,
    "pBV/BV": 0.9613395609221538,
    "rBV/TV": 0.018839,
    "rTb.Th": 16.83556747095621,
    "rTb.N": 0.0011190000000000002,
    "rBV/BV": 0.03866043907784623,
    "range": {
        "z": [
            894,
            994
        ],
        "y": [
            508,
            608
        ],
        "x": [
            1017,
            1117
        ]
    }
}