{
    "TV": 1000000.0,
    "BV/TV": 0.248479,
    "porosity": 0.751521,
    "pore_size": 25.702691610520194,
    "pBV/TV": 0.235992,
    "pTb.Th": 8.354586327751619,
    "pTb.N": 0.028247,
    "pBV/BV": 0.9497462562228599,
    "rBV/TV": 0.012487,
    "rTb.Th": 12.587701612903226,
    "rTb.N": 0.000992,
    "rBV/BV": 0.05025374377714012,
    "range": {
        "z": [
            372,
            472
        ],
        "y": [
            966,
            1066
        ],
        "x": [
            1071,
            1171
        ]
    }
}