{
    "TV": 1000000.0,
    "BV/TV": 0.460896,
    "porosity": 0.539104,
    "pore_size": 10.913920155478177,
    "pBV/TV": 0.442491,
    "pTb.Th": 9.154291743384984,
    "pTb.N": 0.048337000000000005,
    "pBV/BV": 0.9600669131430952,
    "rBV/TV": 0.018405,
    "rTb.Th": 17.379603399433428,
    "rTb.N": 0.001059,
    "rBV/BV": 0.03993308685690481,
    "range": {
        "z": [
            1192,
            1292
        ],
        "y": [
            461,
            561
        ],
        "x": [
            486,
            586
        ]
    }
}