{
    "TV": 1000000.0,
    "BV/TV": 0.188239,
    "porosity": 0.811761,
    "pore_size": 40.53130617136011,
    "pBV/TV": 0.180815,
    "pTb.Th": 9.2149118336561,
    "pTb.N": 0.019622,
    "pBV/BV": 0.9605607764597135,
    "rBV/TV": 0.007424,
    "rTb.Th": 18.285714285714285,
    "rTb.N": 0.000406,
    "rBV/BV": 0.039439223540286554,
    "range": {
        "z": [
            638,
            738
        ],
        "y": [
            971,
            1071
        ],
        "x": [
            887,
            987
        ]
    }
}