{
    "TV": 1000000.0,
    "BV/TV": 0.232652,
    "porosity": 0.767348,
    "pore_size": 33.44730189172696,
    "pBV/TV": 0.218987,
    "pTb.Th": 9.809487547034582,
    "pTb.N": 0.022323999999999997,
    "pBV/BV": 0.9412642057665526,
    "rBV/TV": 0.013665,
    "rTb.Th": 22.111650485436893,
    "rTb.N": 0.000618,
    "rBV/BV": 0.05873579423344738,
    "range": {
        "z": [
            505,
            605
        ],
        "y": [
            632,
            732
        ],
        "x": [
            373,
            473
        ]
    }
}