{
    "TV": 1000000.0,
    "BV/TV": 0.187207,
    "porosity": 0.812793,
    "pore_size": 43.3304723318051,
    "pBV/TV": 0.172689,
    "pTb.Th": 9.5693782555691,
    "pTb.N": 0.018046000000000003,
    "pBV/BV": 0.9224494810557298,
    "rBV/TV": 0.014518,
    "rTb.Th": 20.390449438202246,
    "rTb.N": 0.0007120000000000001,
    "rBV/BV": 0.07755051894427024,
    "range": {
        "z": [
            383,
            483
        ],
        "y": [
            548,
            648
        ],
        "x": [
            498,
            598
        ]
    }
}