{
    "TV": 1000000.0,
    "BV/TV": 0.267001,
    "porosity": 0.732999,
    "pore_size": 25.04438294382944,
    "pBV/TV": 0.254821,
    "pTb.Th": 8.915124374628276,
    "pTb.N": 0.028583,
    "pBV/BV": 0.9543821933251186,
    "rBV/TV": 0.01218,
    "rTb.Th": 17.78102189781022,
    "rTb.N": 0.000685,
    "rBV/BV": 0.04561780667488137,
    "range": {
        "z": [
            712,
            812
        ],
        "y": [
            496,
            596
        ],
        "x": [
            783,
            883
        ]
    }
}