{
    "TV": 1000000.0,
    "BV/TV": 0.193896,
    "porosity": 0.8061039999999999,
    "pore_size": 36.00285841893702,
    "pBV/TV": 0.179766,
    "pTb.Th": 8.356156742434807,
    "pTb.N": 0.021513,
    "pBV/BV": 0.9271258819160787,
    "rBV/TV": 0.01413,
    "rTb.Th": 16.111744583808438,
    "rTb.N": 0.000877,
    "rBV/BV": 0.07287411808392127,
    "range": {
        "z": [
            118,
            218
        ],
        "y": [
            972,
            1072
        ],
        "x": [
            1050,
            1150
        ]
    }
}