{
    "TV": 1000000.0,
    "BV/TV": 0.40407,
    "porosity": 0.5959300000000001,
    "pore_size": 14.022542237281757,
    "pBV/TV": 0.384034,
    "pTb.Th": 9.2574004435445,
    "pTb.N": 0.041484,
    "pBV/BV": 0.9504145321355211,
    "rBV/TV": 0.020036,
    "rTb.Th": 19.759368836291912,
    "rTb.N": 0.0010140000000000001,
    "rBV/BV": 0.04958546786447893,
    "range": {
        "z": [
            1149,
            1249
        ],
        "y": [
            838,
            938
        ],
        "x": [
            596,
            696
        ]
    }
}