{
    "TV": 1000000.0,
    "BV/TV": 0.165997,
    "porosity": 0.834003,
    "pore_size": 48.70090510948904,
    "pBV/TV": 0.159264,
    "pTb.Th": 9.488471849865952,
    "pTb.N": 0.016784999999999998,
    "pBV/BV": 0.9594390260064941,
    "rBV/TV": 0.006733,
    "rTb.Th": 19.80294117647059,
    "rTb.N": 0.00033999999999999997,
    "rBV/BV": 0.04056097399350591,
    "range": {
        "z": [
            232,
            332
        ],
        "y": [
            587,
            687
        ],
        "x": [
            441,
            541
        ]
    }
}