{
    "TV": 1000000.0,
    "BV/TV": 0.138437,
    "porosity": 0.861563,
    "pore_size": 58.37147696476964,
    "pBV/TV": 0.131292,
    "pTb.Th": 9.146081504702193,
    "pTb.N": 0.014355,
    "pBV/BV": 0.9483880754422589,
    "rBV/TV": 0.007145,
    "rTb.Th": 17.641975308641975,
    "rTb.N": 0.00040500000000000003,
    "rBV/BV": 0.051611924557741065,
    "range": {
        "z": [
            214,
            314
        ],
        "y": [
            1022,
            1122
        ],
        "x": [
            772,
            872
        ]
    }
}