{
    "TV": 1000000.0,
    "BV/TV": 0.313884,
    "porosity": 0.686116,
    "pore_size": 21.740739567159928,
    "pBV/TV": 0.29883,
    "pTb.Th": 9.723107958612612,
    "pTb.N": 0.030733999999999997,
    "pBV/BV": 0.952039606988569,
    "rBV/TV": 0.015054,
    "rTb.Th": 18.247272727272726,
    "rTb.N": 0.000825,
    "rBV/BV": 0.04796039301143097,
    "range": {
        "z": [
            930,
            1030
        ],
        "y": [
            952,
            1052
        ],
        "x": [
            1011,
            1111
        ]
    }
}