{
    "TV": 1000000.0,
    "BV/TV": 0.242123,
    "porosity": 0.757877,
    "pore_size": 30.068518151160486,
    "pBV/TV": 0.22929,
    "pTb.Th": 9.31770156046814,
    "pTb.N": 0.024607999999999998,
    "pBV/BV": 0.9469980134064091,
    "rBV/TV": 0.012833,
    "rTb.Th": 21.495812395309883,
    "rTb.N": 0.000597,
    "rBV/BV": 0.05300198659359086,
    "range": {
        "z": [
            779,
            879
        ],
        "y": [
            843,
            943
        ],
        "x": [
            936,
            1036
        ]
    }
}