{
    "TV": 1000000.0,
    "BV/TV": 0.420662,
    "porosity": 0.579338,
    "pore_size": 12.658975199388182,
    "pBV/TV": 0.396662,
    "pTb.Th": 8.914153445098655,
    "pTb.N": 0.044498,
    "pBV/BV": 0.9429470691433978,
    "rBV/TV": 0.024,
    "rTb.Th": 18.94238358326756,
    "rTb.N": 0.0012670000000000001,
    "rBV/BV": 0.057052930856602214,
    "range": {
        "z": [
            1263,
            1363
        ],
        "y": [
            575,
            675
        ],
        "x": [
            1066,
            1166
        ]
    }
}