{
    "TV": 1000000.0,
    "BV/TV": 0.300373,
    "porosity": 0.699627,
    "pore_size": 22.846455278712078,
    "pBV/TV": 0.284808,
    "pTb.Th": 9.514214130616335,
    "pTb.N": 0.029935000000000003,
    "pBV/BV": 0.9481810948387505,
    "rBV/TV": 0.015565,
    "rTb.Th": 22.623546511627907,
    "rTb.N": 0.000688,
    "rBV/BV": 0.05181890516124951,
    "range": {
        "z": [
            696,
            796
        ],
        "y": [
            505,
            605
        ],
        "x": [
            434,
            534
        ]
    }
}