{
    "TV": 1000000.0,
    "BV/TV": 0.251785,
    "porosity": 0.7482150000000001,
    "pore_size": 26.756365326848815,
    "pBV/TV": 0.243479,
    "pTb.Th": 8.866678805535324,
    "pTb.N": 0.027460000000000002,
    "pBV/BV": 0.9670115376213834,
    "rBV/TV": 0.008306,
    "rTb.Th": 16.48015873015873,
    "rTb.N": 0.0005039999999999999,
    "rBV/BV": 0.032988462378616676,
    "range": {
        "z": [
            249,
            349
        ],
        "y": [
            689,
            789
        ],
        "x": [
            994,
            1094
        ]
    }
}