{
    "TV": 1000000.0,
    "BV/TV": 0.266058,
    "porosity": 0.733942,
    "pore_size": 26.767642875378385,
    "pBV/TV": 0.252299,
    "pTb.Th": 9.451170631204345,
    "pTb.N": 0.026695,
    "pBV/BV": 0.9482857121379549,
    "rBV/TV": 0.013759,
    "rTb.Th": 19.00414364640884,
    "rTb.N": 0.000724,
    "rBV/BV": 0.05171428786204512,
    "range": {
        "z": [
            326,
            426
        ],
        "y": [
            1093,
            1193
        ],
        "x": [
            403,
            503
        ]
    }
}