{
    "TV": 1000000.0,
    "BV/TV": 0.28014,
    "porosity": 0.7198599999999999,
    "pore_size": 23.537143604499086,
    "pBV/TV": 0.269156,
    "pTb.Th": 8.973661398946456,
    "pTb.N": 0.029994,
    "pBV/BV": 0.9607910330549011,
    "rBV/TV": 0.010984,
    "rTb.Th": 18.61694915254237,
    "rTb.N": 0.00059,
    "rBV/BV": 0.03920896694509888,
    "range": {
        "z": [
            868,
            968
        ],
        "y": [
            707,
            807
        ],
        "x": [
            524,
            624
        ]
    }
}