{
    "TV": 1000000.0,
    "BV/TV": 0.432626,
    "porosity": 0.567374,
    "pore_size": 12.641459827993405,
    "pBV/TV": 0.410622,
    "pTb.Th": 9.388864753629816,
    "pTb.N": 0.043734999999999996,
    "pBV/BV": 0.9491385168713854,
    "rBV/TV": 0.022004,
    "rTb.Th": 19.183958151700086,
    "rTb.N": 0.001147,
    "rBV/BV": 0.050861483128614556,
    "range": {
        "z": [
            1077,
            1177
        ],
        "y": [
            842,
            942
        ],
        "x": [
            395,
            495
        ]
    }
}