{
    "TV": 1000000.0,
    "BV/TV": 0.313665,
    "porosity": 0.6863349999999999,
    "pore_size": 21.32402286708507,
    "pBV/TV": 0.298855,
    "pTb.Th": 9.52313428079791,
    "pTb.N": 0.031382,
    "pBV/BV": 0.9527840211690817,
    "rBV/TV": 0.01481,
    "rTb.Th": 18.420398009950247,
    "rTb.N": 0.000804,
    "rBV/BV": 0.04721597883091834,
    "range": {
        "z": [
            283,
            383
        ],
        "y": [
            543,
            643
        ],
        "x": [
            1070,
            1170
        ]
    }
}