{
    "TV": 1000000.0,
    "BV/TV": 0.299044,
    "porosity": 0.700956,
    "pore_size": 23.263615545451536,
    "pBV/TV": 0.283066,
    "pTb.Th": 9.665573994400054,
    "pTb.N": 0.029286,
    "pBV/BV": 0.9465697355573093,
    "rBV/TV": 0.015978,
    "rTb.Th": 18.90887573964497,
    "rTb.N": 0.000845,
    "rBV/BV": 0.05343026444269071,
    "range": {
        "z": [
            1042,
            1142
        ],
        "y": [
            825,
            925
        ],
        "x": [
            789,
            889
        ]
    }
}