{
    "TV": 1000000.0,
    "BV/TV": 0.046968,
    "porosity": 0.953032,
    "pore_size": 163.80749398418698,
    "pBV/TV": 0.045183,
    "pTb.Th": 8.038249421811066,
    "pTb.N": 0.005620999999999999,
    "pBV/BV": 0.9619954011241697,
    "rBV/TV": 0.001785,
    "rTb.Th": 9.060913705583756,
    "rTb.N": 0.000197,
    "rBV/BV": 0.03800459887583035,
    "range": {
        "z": [
            256,
            356
        ],
        "y": [
            380,
            480
        ],
        "x": [
            1099,
            1199
        ]
    }
}