{
    "TV": 1000000.0,
    "BV/TV": 0.110234,
    "porosity": 0.8897660000000001,
    "pore_size": 72.91370974350569,
    "pBV/TV": 0.103429,
    "pTb.Th": 8.713479359730412,
    "pTb.N": 0.01187,
    "pBV/BV": 0.9382676851062286,
    "rBV/TV": 0.006805,
    "rTb.Th": 20.435435435435437,
    "rTb.N": 0.00033299999999999996,
    "rBV/BV": 0.06173231489377143,
    "range": {
        "z": [
            80,
            180
        ],
        "y": [
            750,
            850
        ],
        "x": [
            850,
            950
        ]
    }
}