{
    "TV": 1000000.0,
    "BV/TV": 0.440893,
    "porosity": 0.559107,
    "pore_size": 12.038822617458337,
    "pBV/TV": 0.417695,
    "pTb.Th": 9.226750607466313,
    "pTb.N": 0.04527,
    "pBV/BV": 0.9473840591708192,
    "rBV/TV": 0.023198,
    "rTb.Th": 19.793515358361773,
    "rTb.N": 0.001172,
    "rBV/BV": 0.05261594082918078,
    "range": {
        "z": [
            1238,
            1338
        ],
        "y": [
            639,
            739
        ],
        "x": [
            992,
            1092
        ]
    }
}