{
    "TV": 1000000.0,
    "BV/TV": 0.413313,
    "porosity": 0.586687,
    "pore_size": 13.426560783595754,
    "pBV/TV": 0.397166,
    "pTb.Th": 9.298262864634546,
    "pTb.N": 0.042714,
    "pBV/BV": 0.9609327555629753,
    "rBV/TV": 0.016147,
    "rTb.Th": 16.44297352342159,
    "rTb.N": 0.000982,
    "rBV/BV": 0.03906724443702472,
    "range": {
        "z": [
            1176,
            1276
        ],
        "y": [
            658,
            758
        ],
        "x": [
            920,
            1020
        ]
    }
}