{
    "TV": 1000000.0,
    "BV/TV": 0.50048,
    "porosity": 0.49951999999999996,
    "pore_size": 9.43095570743496,
    "pBV/TV": 0.479672,
    "pTb.Th": 9.293087414755115,
    "pTb.N": 0.051615999999999995,
    "pBV/BV": 0.9584239130434783,
    "rBV/TV": 0.020808,
    "rTb.Th": 15.413333333333334,
    "rTb.N": 0.0013499999999999999,
    "rBV/BV": 0.04157608695652174,
    "range": {
        "z": [
            486,
            586
        ],
        "y": [
            383,
            483
        ],
        "x": [
            1015,
            1115
        ]
    }
}