{
    "TV": 1000000.0,
    "BV/TV": 0.175199,
    "porosity": 0.824801,
    "pore_size": 43.11783156464008,
    "pBV/TV": 0.16419,
    "pTb.Th": 8.839300134589502,
    "pTb.N": 0.018575,
    "pBV/BV": 0.9371628833497908,
    "rBV/TV": 0.011009,
    "rTb.Th": 19.87184115523466,
    "rTb.N": 0.0005539999999999999,
    "rBV/BV": 0.06283711665020919,
    "range": {
        "z": [
            167,
            267
        ],
        "y": [
            798,
            898
        ],
        "x": [
            1072,
            1172
        ]
    }
}