{
    "TV": 1000000.0,
    "BV/TV": 0.336236,
    "porosity": 0.663764,
    "pore_size": 17.301741215723077,
    "pBV/TV": 0.321701,
    "pTb.Th": 8.564305300428613,
    "pTb.N": 0.037563000000000006,
    "pBV/BV": 0.9567714343496829,
    "rBV/TV": 0.014535,
    "rTb.Th": 18.146067415730336,
    "rTb.N": 0.0008010000000000001,
    "rBV/BV": 0.04322856565031704,
    "range": {
        "z": [
            782,
            882
        ],
        "y": [
            398,
            498
        ],
        "x": [
            395,
            495
        ]
    }
}