{
    "TV": 1000000.0,
    "BV/TV": 0.381885,
    "porosity": 0.618115,
    "pore_size": 15.38173447803907,
    "pBV/TV": 0.362216,
    "pTb.Th": 9.253423257715102,
    "pTb.N": 0.039144000000000005,
    "pBV/BV": 0.948494965761944,
    "rBV/TV": 0.019669,
    "rTb.Th": 18.89433237271854,
    "rTb.N": 0.0010409999999999998,
    "rBV/BV": 0.05150503423805596,
    "range": {
        "z": [
            1281,
            1381
        ],
        "y": [
            731,
            831
        ],
        "x": [
            759,
            859
        ]
    }
}