{
    "TV": 1000000.0,
    "BV/TV": 0.322169,
    "porosity": 0.6778310000000001,
    "pore_size": 21.098484141065146,
    "pBV/TV": 0.304644,
    "pTb.Th": 9.7467366265677,
    "pTb.N": 0.031256,
    "pBV/BV": 0.9456030840956144,
    "rBV/TV": 0.017525,
    "rTb.Th": 20.120551090700346,
    "rTb.N": 0.0008709999999999999,
    "rBV/BV": 0.054396915904385584,
    "range": {
        "z": [
            1021,
            1121
        ],
        "y": [
            820,
            920
        ],
        "x": [
            1015,
            1115
        ]
    }
}