{
    "TV": 1000000.0,
    "BV/TV": 0.29033,
    "porosity": 0.70967,
    "pore_size": 23.63124771069895,
    "pBV/TV": 0.27603,
    "pTb.Th": 9.403808810002385,
    "pTb.N": 0.029353,
    "pBV/BV": 0.9507457031653636,
    "rBV/TV": 0.0143,
    "rTb.Th": 21.091445427728612,
    "rTb.N": 0.0006780000000000001,
    "rBV/BV": 0.049254296834636446,
    "range": {
        "z": [
            709,
            809
        ],
        "y": [
            1037,
            1137
        ],
        "x": [
            595,
            695
        ]
    }
}