{
    "TV": 1000000.0,
    "BV/TV": 0.205756,
    "porosity": 0.794244,
    "pore_size": 35.18713450292397,
    "pBV/TV": 0.196515,
    "pTb.Th": 8.92681929681112,
    "pTb.N": 0.022014000000000002,
    "pBV/BV": 0.9550875794630533,
    "rBV/TV": 0.009241,
    "rTb.Th": 16.560931899641577,
    "rTb.N": 0.0005579999999999999,
    "rBV/BV": 0.044912420536946676,
    "range": {
        "z": [
            446,
            546
        ],
        "y": [
            386,
            486
        ],
        "x": [
            453,
            553
        ]
    }
}