{
    "TV": 1000000.0,
    "BV/TV": 0.288367,
    "porosity": 0.711633,
    "pore_size": 19.29747539116522,
    "pBV/TV": 0.266369,
    "pTb.Th": 7.545436519177383,
    "pTb.N": 0.03530200000000001,
    "pBV/BV": 0.9237152656163847,
    "rBV/TV": 0.021998,
    "rTb.Th": 13.966984126984126,
    "rTb.N": 0.001575,
    "rBV/BV": 0.07628473438361533,
    "range": {
        "z": [
            1325,
            1425
        ],
        "y": [
            504,
            604
        ],
        "x": [
            1087,
            1187
        ]
    }
}