{
    "TV": 1000000.0,
    "BV/TV": 0.217018,
    "porosity": 0.7829820000000001,
    "pore_size": 33.13227826675695,
    "pBV/TV": 0.209424,
    "pTb.Th": 9.026507478125943,
    "pTb.N": 0.023201,
    "pBV/BV": 0.9650075108977135,
    "rBV/TV": 0.007594,
    "rTb.Th": 17.619489559164734,
    "rTb.N": 0.000431,
    "rBV/BV": 0.034992489102286445,
    "range": {
        "z": [
            657,
            757
        ],
        "y": [
            836,
            936
        ],
        "x": [
            941,
            1041
        ]
    }
}