{
    "TV": 1000000.0,
    "BV/TV": 0.408599,
    "porosity": 0.5914010000000001,
    "pore_size": 14.089362715902324,
    "pBV/TV": 0.389392,
    "pTb.Th": 9.510820184651458,
    "pTb.N": 0.040942000000000006,
    "pBV/BV": 0.9529930322883805,
    "rBV/TV": 0.019207,
    "rTb.Th": 18.593417231364956,
    "rTb.N": 0.0010329999999999998,
    "rBV/BV": 0.04700696771161946,
    "range": {
        "z": [
            654,
            754
        ],
        "y": [
            409,
            509
        ],
        "x": [
            920,
            1020
        ]
    }
}