{
    "TV": 1000000.0,
    "BV/TV": 0.225845,
    "porosity": 0.774155,
    "pore_size": 32.34000334196675,
    "pBV/TV": 0.216434,
    "pTb.Th": 9.243390988682469,
    "pTb.N": 0.023415,
    "pBV/BV": 0.9583298279793664,
    "rBV/TV": 0.009411,
    "rTb.Th": 17.994263862332694,
    "rTb.N": 0.000523,
    "rBV/BV": 0.04167017202063362,
    "range": {
        "z": [
            683,
            783
        ],
        "y": [
            770,
            870
        ],
        "x": [
            671,
            771
        ]
    }
}