{
    "TV": 125000.0,
    "BV/TV": 0.109904,
    "porosity": 0.890096,
    "pore_size": 50.50476622787108,
    "pBV/TV": 0.086688,
    "pTb.Th": 5.520122261844116,
    "pTb.N": 0.015704,
    "pBV/BV": 0.7887611005968845,
    "rBV/TV": 0.023216,
    "rTb.Th": 12.091666666666667,
    "rTb.N": 0.00192,
    "rBV/BV": 0.21123889940311544
}