{
    "TV": 125000.0,
    "BV/TV": 0.109376,
    "porosity": 0.890624,
    "pore_size": 72.29090909090908,
    "pBV/TV": 0.061904,
    "pTb.Th": 6.653482373172829,
    "pTb.N": 0.009304,
    "pBV/BV": 0.5659742539496782,
    "rBV/TV": 0.047472,
    "rTb.Th": 15.740053050397877,
    "rTb.N": 0.003016,
    "rBV/BV": 0.43402574605032185
}