{
    "TV": 1000000.0,
    "BV/TV": 0.329627,
    "porosity": 0.670373,
    "pore_size": 20.39529647996593,
    "pBV/TV": 0.311986,
    "pTb.Th": 9.774609937966037,
    "pTb.N": 0.031918,
    "pBV/BV": 0.9464819326086759,
    "rBV/TV": 0.017641,
    "rTb.Th": 18.549947423764458,
    "rTb.N": 0.000951,
    "rBV/BV": 0.053518067391324135,
    "range": {
        "z": [
            1004,
            1104
        ],
        "y": [
            822,
            922
        ],
        "x": [
            1025,
            1125
        ]
    }
}