{
    "TV": 1000000.0,
    "BV/TV": 0.329621,
    "porosity": 0.6703790000000001,
    "pore_size": 21.95085134250164,
    "pBV/TV": 0.314903,
    "pTb.Th": 10.545981245813797,
    "pTb.N": 0.02986,
    "pBV/BV": 0.9553487186799384,
    "rBV/TV": 0.014718,
    "rTb.Th": 21.644117647058824,
    "rTb.N": 0.00068,
    "rBV/BV": 0.04465128132006153,
    "range": {
        "z": [
            597,
            697
        ],
        "y": [
            410,
            510
        ],
        "x": [
            701,
            801
        ]
    }
}