{
    "TV": 1000000.0,
    "BV/TV": 0.334518,
    "porosity": 0.665482,
    "pore_size": 14.010147368421055,
    "pBV/TV": 0.318145,
    "pTb.Th": 6.891326950569684,
    "pTb.N": 0.046166,
    "pBV/BV": 0.9510549507051937,
    "rBV/TV": 0.016373,
    "rTb.Th": 12.273613193403298,
    "rTb.N": 0.001334,
    "rBV/BV": 0.04894504929480626,
    "range": {
        "z": [
            681,
            781
        ],
        "y": [
            1071,
            1171
        ],
        "x": [
            1011,
            1111
        ]
    }
}