{
    "TV": 1000000.0,
    "BV/TV": 0.19098,
    "porosity": 0.80902,
    "pore_size": 40.25575956610439,
    "pBV/TV": 0.182488,
    "pTb.Th": 9.301595392221826,
    "pTb.N": 0.019619,
    "pBV/BV": 0.9555346109540266,
    "rBV/TV": 0.008492,
    "rTb.Th": 17.765690376569037,
    "rTb.N": 0.000478,
    "rBV/BV": 0.0444653890459734,
    "range": {
        "z": [
            452,
            552
        ],
        "y": [
            589,
            689
        ],
        "x": [
            855,
            955
        ]
    }
}