{
    "TV": 1000000.0,
    "BV/TV": 0.215255,
    "porosity": 0.784745,
    "pore_size": 35.99417484634437,
    "pBV/TV": 0.202543,
    "pTb.Th": 9.539066547355532,
    "pTb.N": 0.021233,
    "pBV/BV": 0.940944461220413,
    "rBV/TV": 0.012712,
    "rTb.Th": 22.340949033391915,
    "rTb.N": 0.000569,
    "rBV/BV": 0.059055538779587004,
    "range": {
        "z": [
            403,
            503
        ],
        "y": [
            878,
            978
        ],
        "x": [
            514,
            614
        ]
    }
}