{
    "TV": 1000000.0,
    "BV/TV": 0.348715,
    "porosity": 0.651285,
    "pore_size": 18.38749294184077,
    "pBV/TV": 0.333614,
    "pTb.Th": 9.63923721467784,
    "pTb.N": 0.03461,
    "pBV/BV": 0.95669529558522,
    "rBV/TV": 0.015101,
    "rTb.Th": 18.64320987654321,
    "rTb.N": 0.00081,
    "rBV/BV": 0.04330470441477998,
    "range": {
        "z": [
            725,
            825
        ],
        "y": [
            1006,
            1106
        ],
        "x": [
            400,
            500
        ]
    }
}