{
    "TV": 1000000.0,
    "BV/TV": 0.15503,
    "porosity": 0.84497,
    "pore_size": 58.9815719670529,
    "pBV/TV": 0.144715,
    "pTb.Th": 10.466117017429667,
    "pTb.N": 0.013827,
    "pBV/BV": 0.9334644907437271,
    "rBV/TV": 0.010315,
    "rTb.Th": 20.671342685370742,
    "rTb.N": 0.000499,
    "rBV/BV": 0.06653550925627298,
    "range": {
        "z": [
            124,
            224
        ],
        "y": [
            702,
            802
        ],
        "x": [
            532,
            632
        ]
    }
}