{
    "TV": 1000000.0,
    "BV/TV": 0.134929,
    "porosity": 0.865071,
    "pore_size": 61.5796554669704,
    "pBV/TV": 0.128659,
    "pTb.Th": 9.385002553067329,
    "pTb.N": 0.013708999999999999,
    "pBV/BV": 0.9535311163649031,
    "rBV/TV": 0.00627,
    "rTb.Th": 18.495575221238937,
    "rTb.N": 0.00033900000000000005,
    "rBV/BV": 0.04646888363509698,
    "range": {
        "z": [
            144,
            244
        ],
        "y": [
            995,
            1095
        ],
        "x": [
            753,
            853
        ]
    }
}