{
    "TV": 1000000.0,
    "BV/TV": 0.306213,
    "porosity": 0.6937869999999999,
    "pore_size": 23.03103837471783,
    "pBV/TV": 0.291779,
    "pTb.Th": 9.91905765569758,
    "pTb.N": 0.029415999999999998,
    "pBV/BV": 0.9528628764944662,
    "rBV/TV": 0.014434,
    "rTb.Th": 20.387005649717516,
    "rTb.N": 0.000708,
    "rBV/BV": 0.04713712350553373,
    "range": {
        "z": [
            682,
            782
        ],
        "y": [
            586,
            686
        ],
        "x": [
            444,
            544
        ]
    }
}