{
    "TV": 1000000.0,
    "BV/TV": 0.409204,
    "porosity": 0.590796,
    "pore_size": 13.897812279463656,
    "pBV/TV": 0.389757,
    "pTb.Th": 9.398075810185185,
    "pTb.N": 0.041472,
    "pBV/BV": 0.9524760266273057,
    "rBV/TV": 0.019447,
    "rTb.Th": 18.735067437379577,
    "rTb.N": 0.0010379999999999999,
    "rBV/BV": 0.0475239733726943,
    "range": {
        "z": [
            1374,
            1474
        ],
        "y": [
            1015,
            1115
        ],
        "x": [
            862,
            962
        ]
    }
}