{
    "TV": 1000000.0,
    "BV/TV": 0.476382,
    "porosity": 0.5236179999999999,
    "pore_size": 9.795674785797132,
    "pBV/TV": 0.45717,
    "pTb.Th": 8.73461979365686,
    "pTb.N": 0.05234,
    "pBV/BV": 0.959671020315629,
    "rBV/TV": 0.019212,
    "rTb.Th": 17.245960502693,
    "rTb.N": 0.001114,
    "rBV/BV": 0.04032897968437094,
    "range": {
        "z": [
            1312,
            1412
        ],
        "y": [
            452,
            552
        ],
        "x": [
            505,
            605
        ]
    }
}