{
    "TV": 1000000.0,
    "BV/TV": 0.222062,
    "porosity": 0.777938,
    "pore_size": 32.745632866102625,
    "pBV/TV": 0.21269,
    "pTb.Th": 9.128326180257512,
    "pTb.N": 0.023299999999999998,
    "pBV/BV": 0.9577955706064072,
    "rBV/TV": 0.009372,
    "rTb.Th": 20.50765864332604,
    "rTb.N": 0.000457,
    "rBV/BV": 0.04220442939359278,
    "range": {
        "z": [
            446,
            546
        ],
        "y": [
            981,
            1081
        ],
        "x": [
            504,
            604
        ]
    }
}