{
    "TV": 1000000.0,
    "BV/TV": 0.240362,
    "porosity": 0.759638,
    "pore_size": 31.308494415364954,
    "pBV/TV": 0.230398,
    "pTb.Th": 9.709144542772862,
    "pTb.N": 0.023729999999999998,
    "pBV/BV": 0.9585458599945083,
    "rBV/TV": 0.009964,
    "rTb.Th": 18.694183864915573,
    "rTb.N": 0.000533,
    "rBV/BV": 0.04145414000549172,
    "range": {
        "z": [
            609,
            709
        ],
        "y": [
            937,
            1037
        ],
        "x": [
            504,
            604
        ]
    }
}