{
    "TV": 1000000.0,
    "BV/TV": 0.222641,
    "porosity": 0.777359,
    "pore_size": 32.23549657889281,
    "pBV/TV": 0.213428,
    "pTb.Th": 9.056991300657755,
    "pTb.N": 0.023565000000000003,
    "pBV/BV": 0.9586194815869494,
    "rBV/TV": 0.009213,
    "rTb.Th": 16.75090909090909,
    "rTb.N": 0.00055,
    "rBV/BV": 0.041380518413050606,
    "range": {
        "z": [
            668,
            768
        ],
        "y": [
            878,
            978
        ],
        "x": [
            528,
            628
        ]
    }
}