{
    "TV": 1000000.0,
    "BV/TV": 0.312995,
    "porosity": 0.687005,
    "pore_size": 20.604174789311095,
    "pBV/TV": 0.297396,
    "pTb.Th": 9.13322277501382,
    "pTb.N": 0.032562,
    "pBV/BV": 0.9501621431652263,
    "rBV/TV": 0.015599,
    "rTb.Th": 19.973111395646608,
    "rTb.N": 0.0007809999999999999,
    "rBV/BV": 0.049837856834773715,
    "range": {
        "z": [
            1167,
            1267
        ],
        "y": [
            998,
            1098
        ],
        "x": [
            848,
            948
        ]
    }
}