{
    "TV": 1000000.0,
    "BV/TV": 0.161725,
    "porosity": 0.838275,
    "pore_size": 46.54755955355655,
    "pBV/TV": 0.152038,
    "pTb.Th": 8.648842368735423,
    "pTb.N": 0.017579,
    "pBV/BV": 0.9401020250425104,
    "rBV/TV": 0.009687,
    "rTb.Th": 22.527906976744188,
    "rTb.N": 0.00042999999999999994,
    "rBV/BV": 0.059897974957489566,
    "range": {
        "z": [
            360,
            460
        ],
        "y": [
            997,
            1097
        ],
        "x": [
            789,
            889
        ]
    }
}