{
    "TV": 1000000.0,
    "BV/TV": 0.277337,
    "porosity": 0.722663,
    "pore_size": 25.193940872960532,
    "pBV/TV": 0.264282,
    "pTb.Th": 9.43224240693815,
    "pTb.N": 0.028019000000000002,
    "pBV/BV": 0.9529273050476497,
    "rBV/TV": 0.013055,
    "rTb.Th": 19.63157894736842,
    "rTb.N": 0.000665,
    "rBV/BV": 0.04707269495235039,
    "range": {
        "z": [
            836,
            936
        ],
        "y": [
            895,
            995
        ],
        "x": [
            706,
            806
        ]
    }
}