{
    "TV": 1000000.0,
    "BV/TV": 0.415203,
    "porosity": 0.584797,
    "pore_size": 13.270031087612608,
    "pBV/TV": 0.397718,
    "pTb.Th": 9.233794576523032,
    "pTb.N": 0.043072,
    "pBV/BV": 0.9578880692095192,
    "rBV/TV": 0.017485,
    "rTb.Th": 17.537612838515546,
    "rTb.N": 0.000997,
    "rBV/BV": 0.0421119307904808,
    "range": {
        "z": [
            1128,
            1228
        ],
        "y": [
            1084,
            1184
        ],
        "x": [
            603,
            703
        ]
    }
}