{
    "TV": 1000000.0,
    "BV/TV": 0.256133,
    "porosity": 0.7438670000000001,
    "pore_size": 29.74754059025834,
    "pBV/TV": 0.241327,
    "pTb.Th": 9.900188710206761,
    "pTb.N": 0.024376000000000002,
    "pBV/BV": 0.9421940944743551,
    "rBV/TV": 0.014806,
    "rTb.Th": 23.501587301587303,
    "rTb.N": 0.0006299999999999999,
    "rBV/BV": 0.05780590552564488,
    "range": {
        "z": [
            752,
            852
        ],
        "y": [
            439,
            539
        ],
        "x": [
            465,
            565
        ]
    }
}