{
    "TV": 1000000.0,
    "BV/TV": 0.38134,
    "porosity": 0.61866,
    "pore_size": 15.061716372489348,
    "pBV/TV": 0.360279,
    "pTb.Th": 9.02864374498797,
    "pTb.N": 0.039904,
    "pBV/BV": 0.9447710704358315,
    "rBV/TV": 0.021061,
    "rTb.Th": 17.985482493595217,
    "rTb.N": 0.001171,
    "rBV/BV": 0.05522892956416846,
    "range": {
        "z": [
            1082,
            1182
        ],
        "y": [
            461,
            561
        ],
        "x": [
            698,
            798
        ]
    }
}