{
    "TV": 1000000.0,
    "BV/TV": 0.42375,
    "porosity": 0.5762499999999999,
    "pore_size": 12.942167321729364,
    "pBV/TV": 0.402385,
    "pTb.Th": 9.281809374423325,
    "pTb.N": 0.043352,
    "pBV/BV": 0.9495811209439528,
    "rBV/TV": 0.021365,
    "rTb.Th": 18.213981244671782,
    "rTb.N": 0.001173,
    "rBV/BV": 0.050418879056047194,
    "range": {
        "z": [
            1057,
            1157
        ],
        "y": [
            963,
            1063
        ],
        "x": [
            567,
            667
        ]
    }
}