{
    "TV": 1000000.0,
    "BV/TV": 0.486606,
    "porosity": 0.513394,
    "pore_size": 9.693629394660324,
    "pBV/TV": 0.467722,
    "pTb.Th": 9.023111351184506,
    "pTb.N": 0.051836,
    "pBV/BV": 0.961192422617066,
    "rBV/TV": 0.018884,
    "rTb.Th": 16.7708703374778,
    "rTb.N": 0.001126,
    "rBV/BV": 0.038807577382934035,
    "range": {
        "z": [
            1290,
            1390
        ],
        "y": [
            487,
            587
        ],
        "x": [
            823,
            923
        ]
    }
}