{
    "TV": 1000000.0,
    "BV/TV": 0.241293,
    "porosity": 0.758707,
    "pore_size": 30.310694738524226,
    "pBV/TV": 0.229493,
    "pTb.Th": 9.401212568104542,
    "pTb.N": 0.024411000000000002,
    "pBV/BV": 0.9510967993269593,
    "rBV/TV": 0.0118,
    "rTb.Th": 19.032258064516128,
    "rTb.N": 0.00062,
    "rBV/BV": 0.04890320067304066,
    "range": {
        "z": [
            859,
            959
        ],
        "y": [
            771,
            871
        ],
        "x": [
            780,
            880
        ]
    }
}