{
    "TV": 1000000.0,
    "BV/TV": 0.267774,
    "porosity": 0.732226,
    "pore_size": 27.64368770764119,
    "pBV/TV": 0.257594,
    "pTb.Th": 9.922345056045607,
    "pTb.N": 0.025960999999999998,
    "pBV/BV": 0.9619828661483191,
    "rBV/TV": 0.01018,
    "rTb.Th": 19.316888045540797,
    "rTb.N": 0.000527,
    "rBV/BV": 0.038017133851680894,
    "range": {
        "z": [
            235,
            335
        ],
        "y": [
            850,
            950
        ],
        "x": [
            353,
            453
        ]
    }
}