{
    "TV": 1000000.0,
    "BV/TV": 0.382865,
    "porosity": 0.617135,
    "pore_size": 15.481787165721737,
    "pBV/TV": 0.364178,
    "pTb.Th": 9.360699138928158,
    "pTb.N": 0.038905,
    "pBV/BV": 0.951191673305212,
    "rBV/TV": 0.018687,
    "rTb.Th": 19.526645768025077,
    "rTb.N": 0.0009570000000000001,
    "rBV/BV": 0.04880832669478798,
    "range": {
        "z": [
            1071,
            1171
        ],
        "y": [
            939,
            1039
        ],
        "x": [
            422,
            522
        ]
    }
}