{
    "TV": 1000000.0,
    "BV/TV": 0.192108,
    "porosity": 0.807892,
    "pore_size": 40.86660933785219,
    "pBV/TV": 0.182614,
    "pTb.Th": 9.447669305189095,
    "pTb.N": 0.019329,
    "pBV/BV": 0.9505798821496242,
    "rBV/TV": 0.009494,
    "rTb.Th": 21.577272727272728,
    "rTb.N": 0.00044,
    "rBV/BV": 0.04942011785037583,
    "range": {
        "z": [
            107,
            207
        ],
        "y": [
            975,
            1075
        ],
        "x": [
            394,
            494
        ]
    }
}