{
    "TV": 1000000.0,
    "BV/TV": 0.494762,
    "porosity": 0.5052380000000001,
    "pore_size": 9.24649988104171,
    "pBV/TV": 0.475743,
    "pTb.Th": 8.870010254497995,
    "pTb.N": 0.05363500000000001,
    "pBV/BV": 0.9615592951762666,
    "rBV/TV": 0.019019,
    "rTb.Th": 18.905566600397613,
    "rTb.N": 0.0010060000000000002,
    "rBV/BV": 0.038440704823733435,
    "range": {
        "z": [
            1297,
            1397
        ],
        "y": [
            506,
            606
        ],
        "x": [
            889,
            989
        ]
    }
}