{
    "TV": 1000000.0,
    "BV/TV": 0.308912,
    "porosity": 0.6910879999999999,
    "pore_size": 22.600824121917718,
    "pBV/TV": 0.295936,
    "pTb.Th": 9.885952897945549,
    "pTb.N": 0.029934999999999996,
    "pBV/BV": 0.9579945097632983,
    "rBV/TV": 0.012976,
    "rTb.Th": 20.180404354587868,
    "rTb.N": 0.000643,
    "rBV/BV": 0.04200549023670171,
    "range": {
        "z": [
            544,
            644
        ],
        "y": [
            441,
            541
        ],
        "x": [
            741,
            841
        ]
    }
}