{
    "TV": 1000000.0,
    "BV/TV": 0.367156,
    "porosity": 0.632844,
    "pore_size": 17.43515993057278,
    "pBV/TV": 0.350733,
    "pTb.Th": 9.89876382930684,
    "pTb.N": 0.035432000000000005,
    "pBV/BV": 0.9552696946257176,
    "rBV/TV": 0.016423,
    "rTb.Th": 18.98612716763006,
    "rTb.N": 0.000865,
    "rBV/BV": 0.04473030537428232,
    "range": {
        "z": [
            751,
            851
        ],
        "y": [
            588,
            688
        ],
        "x": [
            383,
            483
        ]
    }
}