{
    "TV": 1000000.0,
    "BV/TV": 0.220029,
    "porosity": 0.779971,
    "pore_size": 35.194070932226325,
    "pBV/TV": 0.211079,
    "pTb.Th": 9.737014484731064,
    "pTb.N": 0.021677999999999996,
    "pBV/BV": 0.9593235437146922,
    "rBV/TV": 0.00895,
    "rTb.Th": 18.49173553719008,
    "rTb.N": 0.000484,
    "rBV/BV": 0.040676456285307847,
    "range": {
        "z": [
            565,
            665
        ],
        "y": [
            963,
            1063
        ],
        "x": [
            519,
            619
        ]
    }
}