{
    "TV": 1000000.0,
    "BV/TV": 0.291183,
    "porosity": 0.708817,
    "pore_size": 23.313281147217467,
    "pBV/TV": 0.278958,
    "pTb.Th": 9.375478927203066,
    "pTb.N": 0.029753999999999996,
    "pBV/BV": 0.9580160929724606,
    "rBV/TV": 0.012225,
    "rTb.Th": 18.807692307692307,
    "rTb.N": 0.0006500000000000001,
    "rBV/BV": 0.04198390702753938,
    "range": {
        "z": [
            823,
            923
        ],
        "y": [
            994,
            1094
        ],
        "x": [
            644,
            744
        ]
    }
}