{
    "TV": 1000000.0,
    "BV/TV": 0.220905,
    "porosity": 0.779095,
    "pore_size": 34.73760477973961,
    "pBV/TV": 0.210751,
    "pTb.Th": 9.614552919708029,
    "pTb.N": 0.021920000000000002,
    "pBV/BV": 0.9540345397342749,
    "rBV/TV": 0.010154,
    "rTb.Th": 19.988188976377952,
    "rTb.N": 0.000508,
    "rBV/BV": 0.04596546026572509,
    "range": {
        "z": [
            257,
            357
        ],
        "y": [
            989,
            1089
        ],
        "x": [
            478,
            578
        ]
    }
}