{
    "TV": 1000000.0,
    "BV/TV": 0.458784,
    "porosity": 0.5412159999999999,
    "pore_size": 9.906393571650833,
    "pBV/TV": 0.43936,
    "pTb.Th": 8.219096079018257,
    "pTb.N": 0.053456000000000004,
    "pBV/BV": 0.9576619934435378,
    "rBV/TV": 0.019424,
    "rTb.Th": 16.502973661852167,
    "rTb.N": 0.001177,
    "rBV/BV": 0.0423380065564623,
    "range": {
        "z": [
            1182,
            1282
        ],
        "y": [
            418,
            518
        ],
        "x": [
            996,
            1096
        ]
    }
}