{
    "TV": 1000000.0,
    "BV/TV": 0.240443,
    "porosity": 0.759557,
    "pore_size": 29.526025267249757,
    "pBV/TV": 0.230395,
    "pTb.Th": 9.139394660637073,
    "pTb.N": 0.025209000000000002,
    "pBV/BV": 0.958210469841085,
    "rBV/TV": 0.010048,
    "rTb.Th": 19.472868217054263,
    "rTb.N": 0.000516,
    "rBV/BV": 0.041789530158915004,
    "range": {
        "z": [
            777,
            877
        ],
        "y": [
            865,
            965
        ],
        "x": [
            861,
            961
        ]
    }
}