{
    "TV": 1000000.0,
    "BV/TV": 0.405085,
    "porosity": 0.5949150000000001,
    "pore_size": 13.560243435448582,
    "pBV/TV": 0.38513,
    "pTb.Th": 8.994161606725829,
    "pTb.N": 0.04282,
    "pBV/BV": 0.950738733845983,
    "rBV/TV": 0.019955,
    "rTb.Th": 18.968631178707223,
    "rTb.N": 0.001052,
    "rBV/BV": 0.04926126615401706,
    "range": {
        "z": [
            1111,
            1211
        ],
        "y": [
            1004,
            1104
        ],
        "x": [
            605,
            705
        ]
    }
}