{
    "TV": 1000000.0,
    "BV/TV": 0.201782,
    "porosity": 0.798218,
    "pore_size": 37.091914498141264,
    "pBV/TV": 0.194598,
    "pTb.Th": 9.213048006817536,
    "pTb.N": 0.021122000000000002,
    "pBV/BV": 0.9643972207630016,
    "rBV/TV": 0.007184,
    "rTb.Th": 18.050251256281406,
    "rTb.N": 0.000398,
    "rBV/BV": 0.035602779236998346,
    "range": {
        "z": [
            222,
            322
        ],
        "y": [
            1073,
            1173
        ],
        "x": [
            443,
            543
        ]
    }
}