{
    "TV": 1000000.0,
    "BV/TV": 0.240275,
    "porosity": 0.759725,
    "pore_size": 29.431875411614303,
    "pBV/TV": 0.230068,
    "pTb.Th": 9.091800039517882,
    "pTb.N": 0.025305,
    "pBV/BV": 0.9575195088960566,
    "rBV/TV": 0.010207,
    "rTb.Th": 20.09251968503937,
    "rTb.N": 0.000508,
    "rBV/BV": 0.0424804911039434,
    "range": {
        "z": [
            405,
            505
        ],
        "y": [
            1087,
            1187
        ],
        "x": [
            476,
            576
        ]
    }
}