{
    "TV": 1000000.0,
    "BV/TV": 0.331811,
    "porosity": 0.6681889999999999,
    "pore_size": 19.926905642371462,
    "pBV/TV": 0.314914,
    "pTb.Th": 9.646918269819874,
    "pTb.N": 0.032644000000000006,
    "pBV/BV": 0.949076432065242,
    "rBV/TV": 0.016897,
    "rTb.Th": 19.028153153153152,
    "rTb.N": 0.000888,
    "rBV/BV": 0.05092356793475804,
    "range": {
        "z": [
            890,
            990
        ],
        "y": [
            762,
            862
        ],
        "x": [
            1053,
            1153
        ]
    }
}