{
    "TV": 1000000.0,
    "BV/TV": 0.141756,
    "porosity": 0.858244,
    "pore_size": 61.198231602966345,
    "pBV/TV": 0.13457,
    "pTb.Th": 9.835550358134775,
    "pTb.N": 0.013682000000000001,
    "pBV/BV": 0.949307260362877,
    "rBV/TV": 0.007186,
    "rTb.Th": 21.01169590643275,
    "rTb.N": 0.00034199999999999996,
    "rBV/BV": 0.050692739637122945,
    "range": {
        "z": [
            152,
            252
        ],
        "y": [
            709,
            809
        ],
        "x": [
            745,
            845
        ]
    }
}